Timestamp,Open,High,Low,Close,Volume (BTC),Volume (Currency),Weighted Price
2017-10-01 00:00:00,4326.09,4377.22,4216,4377.22,7211.34,30871704.79,4281
2017-10-02 00:00:00,4369.33,4453,4352,4391.48,8259.82,36293751.01,4394.01
2017-10-03 00:00:00,4391.41,4425,4218,4315.83,12468.06,53551605.48,4295.1
2017-10-04 00:00:00,4315.73,4343,4170.07,4219.53,8518.99,36068254.94,4233.86
2017-10-05 00:00:00,4219.74,4358.97,4137.96,4301.09,8419.96,35912272.84,4265.13
2017-10-06 00:00:00,4301.09,4425,4278.4,4362.95,8377.3,36552658.15,4363.3
2017-10-07 00:00:00,4356.09,4463,4312.82,4423.3,4646.41,20320065.24,4373.29
2017-10-08 00:00:00,4422.72,4612,4404.5,4597.98,10083.87,45490443.57,4511.21
2017-10-09 00:00:00,4597.97,4865,4541,4764.7,12923.67,60473207.29,4679.26
2017-10-10 00:00:00,4761.67,4909.97,4700,4749.29,11666.02,56088789.35,4807.87
2017-10-11 00:00:00,4747.9,4869.78,4700,4822.01,9866.9,47256315.42,4789.38
2017-10-12 00:00:00,4822.01,5445,4793.66,5445,19916.23,102559923.23,5149.57
2017-10-13 00:00:00,5444,5846.43,5380,5653.6,27827.38,155848051.87,5600.53
2017-10-14 00:00:00,5653.58,5817.34,5558.26,5801.29,8410.94,47779356.45,5680.62
2017-10-15 00:00:00,5795.01,5830,5415,5679.7,11542.95,64464008.42,5584.71
2017-10-16 00:00:00,5683.92,5807.11,5548,5745.72,9066.8,51508749.11,5681.03
2017-10-17 00:00:00,5752.2,5776.31,5506.78,5597.31,9105.28,51035573.57,5605.05
2017-10-18 00:00:00,5591.97,5617.75,5101.36,5582.05,18961.68,101657249.58,5361.2
2017-10-19 00:00:00,5572.64,5735.14,5512.06,5698.69,9919.84,56087316.56,5654.06
2017-10-20 00:00:00,5700,6074,5589.8,5977.29,15109.06,89014299.88,5891.45
2017-10-21 00:00:00,5977.26,6180,5871,6013.46,15357.42,92912504.83,6050.01
2017-10-22 00:00:00,6010.85,6071.07,5700,5969,12232.52,71898806.16,5877.68
2017-10-23 00:00:00,5967.38,6045.34,5617.75,5871.17,15331.64,89530043.16,5839.56
2017-10-24 00:00:00,5869.82,5870,5453.01,5523.4,17286.72,97560230.19,5643.65
2017-10-25 00:00:00,5518.49,5748,5366,5735.88,12349.11,68370411.13,5536.47
2017-10-26 00:00:00,5741.35,5988,5683,5890,11788.3,69079451.81,5860
2017-10-27 00:00:00,5889.99,5994.06,5674.06,5771.89,11911.04,69053794.44,5797.46
2017-10-28 00:00:00,5773.03,5875.66,5646.18,5730.69,5926.3,33993472.69,5736.04
2017-10-29 00:00:00,5731.7,6316.85,5683,6137.37,16086.63,96361934.29,5990.19
2017-10-30 00:00:00,6133.01,6229.77,6024.03,6119.99,9574.64,58637080.14,6124.2
2017-10-31 00:00:00,6120,6449.78,6072.81,6434.21,13423.31,84354477.98,6284.18
2017-11-01 00:00:00,6434.24,6756.36,6340.01,6741.59,12967.22,84891427.3,6546.62
2017-11-02 00:00:00,6745.04,7354.1,6700,7030,26514.65,184979262.34,6976.49
2017-11-03 00:00:00,7030,7500,6925.22,7146.82,15999.78,116037544.15,7252.44
2017-11-04 00:00:00,7145.24,7569.9,6994,7388.83,9200.11,66730277.42,7253.2
2017-11-05 00:00:00,7388.79,7590,7275.16,7372.72,9218.33,68631151.85,7445.08
2017-11-06 00:00:00,7373.3,7421.39,6922.07,6967.68,19323.13,138542391.75,7169.77
2017-11-07 00:00:00,6967.64,7244.69,6945,7130.28,11634.27,82632999.59,7102.55
2017-11-08 00:00:00,7131.38,7888,7080.01,7450.32,24679.72,183501327.08,7435.31
2017-11-09 00:00:00,7465.06,7490,7061.2,7148,14799.27,106985408.52,7229.1
2017-11-10 00:00:00,7150.61,7343.18,6429.44,6588.18,26614.28,181284361.1,6811.55
2017-11-11 00:00:00,6588.18,6820,6218,6355.13,14942.7,96800268.09,6478.1
2017-11-12 00:00:00,6355.13,6488.88,5555.55,5870.37,37315.16,225565297.53,6044.87
2017-11-13 00:00:00,5870.03,6775.75,5846,6525.17,27202.28,173971383.56,6395.47
2017-11-14 00:00:00,6524.69,6750,6466.88,6609,12072.05,79508390.54,6586.15
2017-11-15 00:00:00,6609,7350,6609,7294,16869.9,119171192.38,7064.13
2017-11-16 00:00:00,7294,7976.79,7120.85,7846.96,19272.37,145738327.49,7562.03
2017-11-17 00:00:00,7846.96,7997,7528.5,7674.99,17714.37,138124189.43,7797.3
2017-11-18 00:00:00,7675,7858,7431.54,7771.03,7326.81,56264967.21,7679.33
2017-11-19 00:00:00,7775.55,8087.35,7675,8016.58,8307.78,65332064.65,7863.96
2017-11-20 00:00:00,8016.58,8269.99,7900,8226.17,8179.46,66366007.81,8113.74
2017-11-21 00:00:00,8226.14,8354.46,7770,8095.23,13686.51,110811263.49,8096.38
2017-11-22 00:00:00,8095.19,8310.89,8045.76,8214.69,8078.58,66215711.71,8196.45
2017-11-23 00:00:00,8214.69,8279.76,7980,7989,7811.79,63644740.39,8147.26
2017-11-24 00:00:00,7988.96,8340,7876,8199.19,9289.99,75751868.75,8154.14
2017-11-25 00:00:00,8199.83,8737,8114.78,8717.99,11611.67,97628924.79,8407.83
2017-11-26 00:00:00,8718,9366.6,8538.2,9271.06,12021.22,108525815.45,9027.86
2017-11-27 00:00:00,9278.99,9721.7,9267,9708.07,13272.45,126458117.67,9527.86
2017-11-28 00:00:00,9708.06,9968,9582.25,9868.82,11214.93,110496755.85,9852.65
2017-11-29 00:00:00,9877.63,11395,9250,9824.68,33432.34,346949562.2,10377.66
2017-11-30 00:00:00,9833.7,10618.29,9000,9947.67,25433.46,247093850.76,9715.31
2017-12-01 00:00:00,9927.29,10949.89,9370.11,10840.45,16708.03,171881760.62,10287.37
2017-12-02 00:00:00,10840.45,11200,10637.69,10872,9267.16,101270084.38,10927.84
2017-12-03 00:00:00,10875.68,11800.01,10513.16,11250,14238.53,160176290.44,11249.5
2017-12-04 00:00:00,11250,11613.07,10850,11613.07,13621.48,154122917.9,11314.7
2017-12-05 00:00:00,11613.07,11850,11384.25,11677,11875.03,138370076.16,11652.18
2017-12-06 00:00:00,11676.99,13700,11659.8,13623.5,19784.87,250560790.3,12664.26
2017-12-07 00:00:00,13623,16615.62,13085.9,16599.99,25787.68,382694044.13,14840.19
2017-12-08 00:00:00,16599.99,16666.66,13482.42,15800,25473.4,389366035.09,15285.2
2017-12-09 00:00:00,15799.87,15998.5,12701.05,14607.49,16587.47,238909072.56,14402.98
2017-12-10 00:00:00,14601.01,15385,13011,14691,18487.98,263150668,14233.61
2017-12-11 00:00:00,14690.99,17270,14677.19,16470,16583.72,270203844.28,16293.32
2017-12-12 00:00:00,16470,17428.42,15967.29,16650.01,13517.89,227842348.7,16854.87
2017-12-13 00:00:00,16650.01,17107.03,15497.69,16250,17136.71,281640493.79,16434.93
2017-12-14 00:00:00,16245.02,16830.45,15852.69,16404.99,13409.52,219263192.46,16351.3
2017-12-15 00:00:00,16404.99,17934,16337.19,17471.5,18998.39,329337014.76,17335
2017-12-16 00:00:00,17477.98,19377,17269.99,19187.78,9761.22,179906034.64,18430.69
2017-12-17 00:00:00,19187.78,19666,18465,18953,9749.25,186310530.76,19110.24
2017-12-18 00:00:00,18953,19220,17835.2,18940.57,14678.94,273533539.4,18634.42
2017-12-19 00:00:00,18940.58,19160.79,16831.26,17700,21528.14,387206242.38,17986.05
2017-12-20 00:00:00,17700,17950,15343.04,16466.98,31172.23,521350550.61,16724.84
2017-12-21 00:00:00,16466.98,17281.17,15005,15600.01,20377.86,326730689.65,16033.61
2017-12-22 00:00:00,15600,15795.61,11159.93,14009.79,57444.89,772143020.64,13441.46
2017-12-23 00:00:00,13980,15756.22,13496.48,14619,21786.41,322120599.56,14785.39
2017-12-24 00:00:00,14619,14619.1,12488,14157.87,18519.49,250476423.64,13525.02
2017-12-25 00:00:00,14107.87,14650,13210,13911.28,11564.54,161347357.08,13951.9
2017-12-26 00:00:00,13925.5,16147.87,13746.95,15764.44,15051.16,230922569.15,15342.51
2017-12-27 00:00:00,15764.45,16480.52,14484,15364.93,15643.75,241860985.13,15460.55
2017-12-28 00:00:00,15390.05,15474.19,13500,14470.07,16557.22,234428578.54,14158.69
2017-12-29 00:00:00,14436.99,15111,13998,14340,13505.7,195727638.77,14492.22
2017-12-30 00:00:00,14351,14463.28,12050,12640,21749.67,285985550.32,13148.96
2017-12-31 00:00:00,12640,14296.06,12491.21,13880,11583.42,154552644.47,13342.58
2018-01-01 00:00:00,13880,13941.75,12801.38,13443.41,7688.03,102815718.45,13373.48
2018-01-02 00:00:00,13394.2,15257.53,12910.58,14678.94,16299.67,229138844.08,14057.88
2018-01-03 00:00:00,14670.96,15500,14546.28,15155.62,12275,183639413.74,14960.44
2018-01-04 00:00:00,15155.62,15430.27,14192.37,15143.67,15004.02,222160244.49,14806.72
2018-01-05 00:00:00,15143.67,17200,14810,16928,16248.91,259695892.85,15982.35
2018-01-06 00:00:00,16927.99,17234.99,16220,17149.67,9501.02,158389594.51,16670.8
2018-01-07 00:00:00,17142.43,17149.97,15707.16,16124.02,8632.81,141555094.16,16397.33
2018-01-08 00:00:00,16173.98,16300,13900,14999.99,16676.35,251877784.14,15103.89
2018-01-09 00:00:00,14999.99,15367.18,14123.97,14403.51,13913.52,204579121.58,14703.62
2018-01-10 00:00:00,14403.51,14900,13412,14890.02,18479.01,261210687.03,14135.53
2018-01-11 00:00:00,14899.99,14973.07,12800,13243.83,19630.08,266846190.81,13593.74
2018-01-12 00:00:00,13249.99,14152.19,12807.27,13781.41,13433.08,183399343.52,13652.81
2018-01-13 00:00:00,13829.28,14619.1,13789.42,14197.78,7488.99,106595650.09,14233.65
2018-01-14 00:00:00,14197.78,14365.81,13072.22,13647.99,7588.64,102783826.66,13544.44
2018-01-15 00:00:00,13647.99,14394.36,13429.25,13607.04,9444.64,131049852.36,13875.59
2018-01-16 00:00:00,13581.66,13607.04,10162,11386.34,38789.88,457725763.37,11800.13
2018-01-17 00:00:00,11393.97,11794.07,9222,11191.35,41356.19,433168120.05,10474.08
2018-01-18 00:00:00,11199,12146,10693,11247.57,22195.26,256082649.98,11537.72
2018-01-19 00:00:00,11290.9,12050.39,11025.18,11552,13203.26,151834406.42,11499.77
2018-01-20 00:00:00,11560.82,13052.12,11515.94,12775.99,10324.06,128912075.53,12486.57
2018-01-21 00:00:00,12782.99,12791.88,11100,11558.87,11596.44,137150604.64,11826.96
2018-01-22 00:00:00,11558.87,11910.78,10028.41,10808.99,17067.73,186028930.55,10899.45
2018-01-23 00:00:00,10810,11409.87,9927.54,10851.82,17250.18,184369293.73,10687.97
2018-01-24 00:00:00,10848.99,11500,10488.13,11400.96,11646.79,128825119.68,11061
2018-01-25 00:00:00,11400.98,11741.82,10868.57,11155.54,10212.92,115421975.03,11301.56
2018-01-26 00:00:00,11140.01,11635,10263.32,11092.95,15074.67,164020352.52,10880.53
2018-01-27 00:00:00,11093.74,11630.47,10815.84,11446.54,10309.81,116376809.52,11287.97
2018-01-28 00:00:00,11446.54,11989.15,11360.52,11685.58,9956.09,116531522.53,11704.54
2018-01-29 00:00:00,11685.58,11820.01,10991,11162.62,9996.36,112806531.76,11284.76
2018-01-30 00:00:00,11162.62,11222.36,9731.2,9971,21082.19,219169216.36,10395.94
2018-01-31 00:00:00,9971,10324,9514.96,10149,12743.51,126723437.34,9944.16
2018-02-01 00:00:00,10148.99,10187.56,8455,8998.99,26356.59,243067799.6,9222.28
2018-02-02 00:00:00,9010.87,9096.79,7625.25,8838.83,44406.02,373423805.08,8409.31
2018-02-03 00:00:00,8838.29,9491.2,8170.71,9225.86,16208.37,144713399.47,8928.31
2018-02-04 00:00:00,9225.31,9350.09,7825,8191,19110.67,162005632.56,8477.23
2018-02-05 00:00:00,8190.78,8335.56,6600,6874.27,46544.43,342210634.65,7352.34
2018-02-06 00:00:00,6878.65,8150,5920.72,7737.37,70961.37,487504446.04,6870
2018-02-07 00:00:00,7737.26,8649,7213.8,7588.01,32640.89,260674865.84,7986.14
2018-02-08 00:00:00,7588.01,8644.36,7565.5,8259.76,22746.39,187157997.66,8228.03
2018-02-09 00:00:00,8259.42,8779.62,7753.32,8693.98,18418.12,152040059.86,8254.92
2018-02-10 00:00:00,8693.98,9090.8,8170.86,8560,14670.56,127082570.69,8662.42
2018-02-11 00:00:00,8560,8560,7820,8067,12711.79,103542540.61,8145.4
2018-02-12 00:00:00,8077.25,8995,8067,8899,15071.04,130557481.61,8662.8
2018-02-13 00:00:00,8891.2,8951.89,8360.13,8522.99,11374.52,97689771.64,8588.47
2018-02-14 00:00:00,8504.57,9515,8504.57,9490.98,17468.74,158839393.25,9092.78
2018-02-15 00:00:00,9490.98,10234,9350,10018,21036.34,206814744.85,9831.31
2018-02-16 00:00:00,10011.3,10300,9707.51,10196,11857.64,118860367.74,10023.95
2018-02-17 00:00:00,10203.14,11135.83,10053.5,11101,14511.17,155314935.18,10703.13
2018-02-18 00:00:00,11101,11300,10153.15,10421.06,17623.08,188724919.34,10708.96
2018-02-19 00:00:00,10433.68,11262.48,10307.51,11173,11698.26,127802568.07,10924.92
2018-02-20 00:00:00,11159.12,11780,11080.37,11233.41,15880.91,182156478.02,11470.15
2018-02-21 00:00:00,11233.42,11275.74,10256,10449.4,19959.68,215353691.94,10789.44
2018-02-22 00:00:00,10446.79,10935,9731.2,9843.34,20204.69,206051152.36,10198.18
2018-02-23 00:00:00,9843.33,10405.3,9600,10166.1,16044.04,160782973.05,10021.35
2018-02-24 00:00:00,10135.2,10540.63,9373.48,9689.99,13972.71,137805304.52,9862.46
2018-02-25 00:00:00,9688.26,9883.41,9260,9590.04,11037.18,105367249.25,9546.58
2018-02-26 00:00:00,9595.99,10461.97,9376.34,10324.7,16156.81,162306362.39,10045.7
2018-02-27 00:00:00,10329.99,10850,10150,10566.3,10408.48,110086762.8,10576.64
2018-02-28 00:00:00,10572.49,11064.75,10255.07,10314.9,10490.75,111457734.83,10624.38
2018-03-01 00:00:00,10314.99,11090,10223.41,10903.13,9481.67,101712406.73,10727.27
2018-03-02 00:00:00,10917.37,11175,10774.01,11029.99,8329.1,91455982.5,10980.3
2018-03-03 00:00:00,11032.81,11503.24,11022.85,11445,7786.27,88241259.78,11332.93
2018-03-04 00:00:00,11445,11511,11054.91,11463.27,6831.63,77060624.28,11279.98
2018-03-05 00:00:00,11479.68,11688,11383.66,11419.24,9933.68,114638102.24,11540.35
2018-03-06 00:00:00,11417.39,11420.01,10560.19,10723.76,14734.42,161507885.73,10961.27
2018-03-07 00:00:00,10723.01,10911.78,9450,9913.03,26116.51,264099759.78,10112.37
2018-03-08 00:00:00,9904.52,10150,9078.95,9285.32,22522.43,217370120.92,9651.27
2018-03-09 00:00:00,9293.06,9420.39,8366,9230,29014.17,257069817.58,8860.15
2018-03-10 00:00:00,9228.83,9514.96,8697,8791.47,12886.59,118146982.45,9168.21
2018-03-11 00:00:00,8795.04,9768.37,8450,9535.04,16407.54,149758874.77,9127.44
2018-03-12 00:00:00,9535.04,9892,8742.07,9120.75,18751.02,175103380.07,9338.34
2018-03-13 00:00:00,9115.24,9482.79,8830,9142.32,16001.48,146461539.25,9153
2018-03-14 00:00:00,9152.07,9356.14,7948,8196.69,21191.02,182210730.85,8598.49
2018-03-15 00:00:00,8195.99,8425,7682,8265.05,18387.61,148610946.85,8082.12
2018-03-16 00:00:00,8265.05,8613.06,7914.08,8258.54,16498.62,137219222.82,8317.01
2018-03-17 00:00:00,8258.54,8356.4,7730.23,7860.83,12048.67,97294029.18,8075.09
2018-03-18 00:00:00,7860.83,8324.92,7325.37,8188.24,19547.36,150315447.64,7689.81
2018-03-19 00:00:00,8205.55,8718.74,8114.17,8596.93,19396.09,162448296.19,8375.31
2018-03-20 00:00:00,8596.79,9051,8313.01,8904.02,13454.82,116496170.95,8658.32
2018-03-21 00:00:00,8904.02,9188.1,8754.83,8893.79,12101,108594771.1,8974.03
2018-03-22 00:00:00,8892.18,9099.59,8503.52,8704.67,12587.63,109923828.13,8732.68
2018-03-23 00:00:00,8708.52,8920.79,8265,8920.79,13749.78,117134344.45,8518.99
2018-03-24 00:00:00,8917.99,9020,8505,8547,9731.98,85811618.32,8817.49
2018-03-25 00:00:00,8541.96,8680,8368.63,8453.9,9155.91,78013217.69,8520.53
2018-03-26 00:00:00,8451.12,8500,7831.15,8149.66,17693.42,145246518.54,8209.07
2018-03-27 00:00:00,8152.26,8211.62,7742.11,7791.7,12385.25,98488415.19,7952.07
2018-03-28 00:00:00,7791.69,8104.98,7723.03,7932.41,8437.64,66890222.86,7927.59
2018-03-29 00:00:00,7932.41,7968,6914.53,7088.38,22138.11,163975079.77,7406.91
2018-03-30 00:00:00,7086.14,7302.35,6550,6850,29101.45,199556780.67,6857.28
2018-03-31 00:00:00,6839.63,7231.73,6794.26,6928.62,11579.6,81326187.47,7023.23
2018-04-01 00:00:00,6926.5,7045.71,6427.16,6813.52,18046.94,121116431.4,6711.19
2018-04-02 00:00:00,6816.31,7106.5,6759.96,7052.76,13624.16,95159965.02,6984.65
2018-04-03 00:00:00,7052.75,7506.84,7001.28,7416.27,16089.54,118019785.63,7335.19
2018-04-04 00:00:00,7415.53,7430,6710.38,6799.95,15779.2,110954121.84,7031.67
2018-04-05 00:00:00,6799.37,6928.7,6578.95,6771.69,11894.54,80262665.41,6747.86
2018-04-06 00:00:00,6771.3,6850,6510,6618.33,8478.42,56294477.9,6639.74
2018-04-07 00:00:00,6627.7,7069.13,6600.99,6904.9,7683.04,52984840.5,6896.34
2018-04-08 00:00:00,6904.21,7104.52,6894.8,7027.26,4352.7,30482451.72,7003.12
2018-04-09 00:00:00,7027.26,7175.83,6611.49,6780.1,10103.92,69104966.97,6839.42
2018-04-10 00:00:00,6782.39,6900,6653.21,6835.67,6480.19,43978750.45,6786.64
2018-04-11 00:00:00,6824.75,6984.92,6809.26,6940.94,5825.41,40165964.26,6894.96
2018-04-12 00:00:00,6940.94,8069.34,6758.45,7923.78,19033.38,143664243.1,7548.02
2018-04-13 00:00:00,7923.78,8239.33,7753.32,7896.92,19605.94,157461506.32,8031.32
2018-04-14 00:00:00,7885.9,8232.14,7835,8000.41,8935.53,71681139.86,8022.03
2018-04-15 00:00:00,8003.39,8417,8001.23,8354.22,7542.84,62269321.05,8255.42
2018-04-16 00:00:00,8353.43,8424.99,7905,8048.15,10866.6,87993966.21,8097.65
2018-04-17 00:00:00,8054.68,8160.85,7806.81,7890.87,9277.15,74462014.27,8026.39
2018-04-18 00:00:00,7890.87,8235,7870.35,8172.84,9227.2,74525247.42,8076.69
2018-04-19 00:00:00,8172.83,8297.99,8074.44,8271.31,9436.85,77478927.09,8210.26
2018-04-20 00:00:00,8273,8934,8216.9,8861,16059.62,136267900.24,8485.12
2018-04-21 00:00:00,8865.78,9023.4,8608,8920.71,15336.31,134950187.05,8799.39
2018-04-22 00:00:00,8924.93,9036.52,8760,8789.96,9346.45,83089020.81,8889.9
2018-04-23 00:00:00,8781.7,9006.39,8771.22,8946.95,10286.12,91446649.76,8890.3
2018-04-24 00:00:00,8942,9737.16,8930,9648,20460.51,190711801.45,9320.97
2018-04-25 00:00:00,9648.36,9755.53,8751,8864.99,33035.9,303220038.56,9178.5
2018-04-26 00:00:00,8855.07,9326.79,8647.29,9274.48,20042.97,178009104.47,8881.37
2018-04-27 00:00:00,9277.32,9387.82,8901.09,8921.43,11375.51,104644754.14,9199.12
2018-04-28 00:00:00,8916.54,9442.34,8854.47,9345.11,15558.4,143728558.95,9238
2018-04-29 00:00:00,9352.97,9538.75,9180,9393.99,10940.72,102349678.47,9354.93
2018-04-30 00:00:00,9396.32,9443.96,9111,9242.17,8085.69,74978446.9,9272.98
2018-05-01 00:00:00,9243.51,9249.99,8815.91,9066.9,12138.26,109028331.07,8982.2
2018-05-02 00:00:00,9066.9,9259.16,8975.23,9222,10575.17,96344037.24,9110.4
2018-05-03 00:00:00,9220,9799.99,9165.19,9732.43,11670.8,109943721.45,9420.41
2018-05-04 00:00:00,9737,9784.73,9527.38,9696.57,7326.05,70716940.7,9652.8
2018-05-05 00:00:00,9689,9948.98,9670.68,9823.28,7403.11,72754286.99,9827.54
2018-05-06 00:00:00,9827.04,9918.41,9375,9623.54,8155.58,78150008.85,9582.4
2018-05-07 00:00:00,9621.99,9634.5,9175,9359.52,13616.35,127010639.85,9327.8
2018-05-08 00:00:00,9356.79,9450,9015,9167.69,11418.31,105415298.03,9232.13
2018-05-09 00:00:00,9181.52,9368.79,8974.62,9308.49,11368.83,104305920.46,9174.72
2018-05-10 00:00:00,9308.49,9393,8987.74,9020.99,11764.98,108645338.13,9234.64
2018-05-11 00:00:00,9007.19,9018.38,8351,8411.42,20383.93,177279927.98,8697.05
2018-05-12 00:00:00,8408.79,8652.8,8208.81,8481.6,15464.93,130051000.66,8409.41
2018-05-13 00:00:00,8481.72,8775.9,8335.56,8696.58,9835.22,84280724.78,8569.27
2018-05-14 00:00:00,8696.54,8900.9,8286.57,8674.36,18861.94,162135043.55,8595.89
2018-05-15 00:00:00,8674.53,8865,8400,8474.99,12391.83,107036084.46,8637.63
2018-05-16 00:00:00,8481.99,8505.33,8100.01,8346.59,12705.12,105058169.86,8268.96
2018-05-17 00:00:00,8337.77,8500,7980,8067.03,8259.12,68210896.57,8258.85
2018-05-18 00:00:00,8058.16,8275.1,7929.53,8248.87,7181.2,58093499.64,8089.66
2018-05-19 00:00:00,8248.99,8395,8141.08,8231.2,3784.08,31243933.28,8256.69
2018-05-20 00:00:00,8225.55,8590,8170.71,8518.48,5315,44509496.32,8374.32
2018-05-21 00:00:00,8518.64,8589.1,8320,8391.76,6126.97,51780405.45,8451.22
2018-05-22 00:00:00,8403.23,8417.65,7951.41,7984.08,9101.06,74532297.79,8189.41
2018-05-23 00:00:00,7983.98,8032.01,7435.49,7502.89,17635.9,136149933.06,7720.04
2018-05-24 00:00:00,7509.99,7733.99,7267.24,7586.88,11648.37,87486613.44,7510.63
2018-05-25 00:00:00,7579.3,7661.07,7328.13,7471.18,10088.84,75352118.7,7468.86
2018-05-26 00:00:00,7459.21,7622.87,7276.04,7335.99,4043.56,30225159.43,7474.89
2018-05-27 00:00:00,7335.99,7412.57,7213.09,7347.39,3144.45,22995002.76,7312.88
2018-05-28 00:00:00,7348.64,7445,7084.99,7112.5,6583.63,47652142.66,7237.97
2018-05-29 00:00:00,7112.2,7537,7026.9,7469.45,11049.92,80814280.45,7313.56
2018-05-30 00:00:00,7469.45,7559,7273.89,7375.73,8940.45,66460464.15,7433.68
2018-05-31 00:00:00,7375.64,7601.23,7330.22,7492.28,7339.01,55144260.57,7513.86
2018-06-01 00:00:00,7492.28,7620.01,7348.45,7511.6,6762.63,50587954.66,7480.52
2018-06-02 00:00:00,7511.72,7700,7438.92,7642,4012.17,30475405.25,7595.74
2018-06-03 00:00:00,7642,7790.69,7581.03,7703.67,4729.21,36376196.76,7691.81
2018-06-04 00:00:00,7712.97,7764.44,7449.68,7488.26,6990.55,52874207.37,7563.67
2018-06-05 00:00:00,7494.99,7685,7360,7617.98,9968.46,74707307.08,7494.37
2018-06-06 00:00:00,7617.98,7695.46,7482.61,7658.57,7058.06,53677946.08,7605.2
2018-06-07 00:00:00,7658.99,7750,7618.99,7689.28,7545.01,58063422.6,7695.61
2018-06-08 00:00:00,7676.41,7697,7542,7618.11,4676.56,35622819.63,7617.32
2018-06-09 00:00:00,7618.11,7686.45,7468.31,7492.7,2713.78,20619323.12,7598.01
2018-06-10 00:00:00,7498,7498,6627.7,6781.17,14392.7,100255171.17,6965.7
2018-06-11 00:00:00,6781.17,6919.97,6634.86,6880.61,11409.52,77070641.46,6754.94
2018-06-12 00:00:00,6880.76,6880.76,6461.42,6557.67,8827.6,59092996.24,6694.12
2018-06-13 00:00:00,6557.66,6624.45,6120,6307.4,19190.5,122786788.14,6398.31
2018-06-14 00:00:00,6308.49,6708.1,6270.69,6646.1,14185.84,92121861.87,6493.93
2018-06-15 00:00:00,6638.8,6666.66,6370,6390.6,7132.21,46685086.33,6545.67
2018-06-16 00:00:00,6390.6,6557.81,6333.63,6487.92,3553.7,22957650.67,6460.21
2018-06-17 00:00:00,6487.92,6575.35,6429.23,6453.41,2828.76,18412428.55,6509.02
2018-06-18 00:00:00,6451.03,6793,6381.25,6707.5,5940.17,38916063.79,6551.33
2018-06-19 00:00:00,6711.3,6841.81,6660.21,6736.52,5443.68,36644831.8,6731.63
2018-06-20 00:00:00,6728.44,6809.26,6558.95,6756.58,5193.77,34692917.9,6679.72
2018-06-21 00:00:00,6756.6,6792.2,6677.85,6718.33,4837.32,32564408.83,6731.91
2018-06-22 00:00:00,6718.33,6737.97,5940,6050.45,18544.14,116516606.03,6283.2
2018-06-23 00:00:00,6055.17,6261,6048.54,6177.38,4585.87,28145734.06,6137.49
2018-06-24 00:00:00,6169.91,6255.05,5780,6153.4,11423.59,68399360.49,5987.55
2018-06-25 00:00:00,6153.6,6365.34,6075.01,6253.61,9689.69,60122649.66,6204.81
2018-06-26 00:00:00,6252.28,6277,6025.68,6068,7751.62,47951768.39,6186.03
2018-06-27 00:00:00,6073.99,6181.11,5985,6135.64,7446.86,45361890.94,6091.41
2018-06-28 00:00:00,6135.64,6165.49,5818.14,5848.33,8878.4,53453287.6,6020.6
2018-06-29 00:00:00,5845.2,6299,5774.72,6204.24,12067.37,71636732.3,5936.4
2018-06-30 00:00:00,6204.01,6510,6190.28,6385.71,6915.09,44052425.65,6370.48
2018-07-01 00:00:00,6385.75,6438.55,6259.34,6349.99,4160.71,26417260.54,6349.23
2018-07-02 00:00:00,6345.48,6667.57,6270.69,6612.98,8799.8,57156646.61,6495.22
2018-07-03 00:00:00,6605.46,6666,6464.39,6507.99,5924.87,39007361.17,6583.67
2018-07-04 00:00:00,6507.99,6792.28,6413.2,6584.25,6706.73,44104610.98,6576.17
2018-07-05 00:00:00,6575.62,6700,6445.31,6533.69,7692.22,50623962.16,6581.19
2018-07-06 00:00:00,6533.69,6636.15,6449.76,6596.53,5457.67,35714562.2,6543.92
2018-07-07 00:00:00,6604.74,6820,6510,6759.99,4842.8,32039126.13,6615.83
2018-07-08 00:00:00,6755.46,6783.54,6674.6,6706.6,5145.85,34673975.5,6738.25
2018-07-09 00:00:00,6706.6,6814.72,6620,6666.75,7165.22,48058466.98,6707.19
2018-07-10 00:00:00,6666.75,6683.9,6270.84,6299.46,9163.02,59079611.2,6447.61
2018-07-11 00:00:00,6304.45,6400,6285,6380,6370.14,40422766.09,6345.67
2018-07-12 00:00:00,6379.13,6380,6072,6243.88,7792.47,48264011.74,6193.68
2018-07-13 00:00:00,6243.53,6337.25,6121.01,6215.59,5901.3,36792068.82,6234.57
2018-07-14 00:00:00,6208.78,6317.84,6180,6243.98,2584.73,16131386.29,6241.02
2018-07-15 00:00:00,6245.99,6397.21,6227.76,6349.3,3556.29,22531808.77,6335.76
2018-07-16 00:00:00,6353.25,6755,6333.63,6721.04,9404.06,61776752.48,6569.16
2018-07-17 00:00:00,6721.21,7468.31,6657.95,7310.71,12703.3,89443629.79,7040.98
2018-07-18 00:00:00,7310.71,7599.98,7239.15,7374.88,13347.88,99059622.37,7421.38
2018-07-19 00:00:00,7384.92,7570.9,7278.84,7471.42,8803.25,65189565.07,7405.17
2018-07-20 00:00:00,7474.35,7696.88,7265,7330.84,9379.17,69721139.88,7433.61
2018-07-21 00:00:00,7330.84,7458,7212,7409.92,4049.81,29657027.95,7323.07
2018-07-22 00:00:00,7398.16,7581.03,7336.15,7396.6,5107.98,38059816.24,7451.05
2018-07-23 00:00:00,7393.5,7800,7369.86,7719.62,12572.45,96571278.24,7681.18
2018-07-24 00:00:00,7712.46,8496.96,7691.14,8403.83,18707.41,151310569.73,8088.27
2018-07-25 00:00:00,8394.48,8475,8049.22,8174.06,10348.07,85270824.58,8240.26
2018-07-26 00:00:00,8174.06,8314.23,7855.97,7926,8091.87,65857948.72,8138.78
2018-07-27 00:00:00,7926,8274.98,7798.48,8183.05,8701.77,69758485.99,8016.59
2018-07-28 00:00:00,8177.72,8259,8051.43,8237.74,2765.68,22600879.91,8171.91
2018-07-29 00:00:00,8231.07,8299.99,8109.74,8216.74,3980.28,32668116.63,8207.49
2018-07-30 00:00:00,8216.74,8295,7853.01,8160.21,11785.89,95521277.83,8104.71
2018-07-31 00:00:00,8162.28,8162.37,7633.67,7725.43,11994.09,94080198.8,7843.88
2018-08-01 00:00:00,7726.85,7761.56,7440,7602.01,11406.77,86275617.41,7563.55
2018-08-02 00:00:00,7600.22,7709.98,7455,7536.37,5262.24,39925363.02,7587.15
2018-08-03 00:00:00,7535,7542.92,7286.41,7416.98,9585.78,70899644.26,7396.34
2018-08-04 00:00:00,7416.98,7494.48,6926,7009.99,6831.75,48822594.49,7146.42
2018-08-05 00:00:00,7009.94,7086.8,6888.88,7032.61,6039.14,42187260.05,6985.65
2018-08-06 00:00:00,7028.89,7157.93,6835.06,6936.11,7317.64,50894029.07,6954.98
2018-08-07 00:00:00,6932.18,7155,6671,6717.68,10039.39,69592717.09,6931.96
2018-08-08 00:00:00,6717.67,6717.68,6121,6283.59,14668.57,94168057.74,6419.72
2018-08-09 00:00:00,6283.89,6627,6190.01,6543.76,9484.89,60575830.64,6386.56
2018-08-10 00:00:00,6544.98,6584.05,5995.75,6139.99,14096.01,89098710.78,6320.85
2018-08-11 00:00:00,6139.99,6494.13,6000,6239.98,6818.38,42379946.32,6215.55
2018-08-12 00:00:00,6240.49,6493.77,6163.44,6310.82,7169.89,45228549.7,6308.12
2018-08-13 00:00:00,6311.99,6544.37,6142.2,6252.63,8896.68,56397569.36,6339.17
2018-08-14 00:00:00,6252.63,6254.02,5880,6193.62,14235.27,86043410.14,6044.38
2018-08-15 00:00:00,6194.3,6628.5,6186.02,6272.3,12501.11,80080675.52,6405.88
2018-08-16 00:00:00,6273.34,6477.57,6208.37,6313.51,7099.26,45050489.22,6345.8
2018-08-17 00:00:00,6314.08,6584.49,6290.64,6580.15,6635.58,42963411.49,6474.7
2018-08-18 00:00:00,6578.13,6615,6303,6399.28,3496.8,22509757.3,6437.24
2018-08-19 00:00:00,6397.37,6545,6312,6481.99,3138.71,20144658.35,6418.13
2018-08-20 00:00:00,6481.63,6522.99,6223.9,6260.82,6254.82,40034740.55,6400.62
2018-08-21 00:00:00,6260.83,6513.28,6246.05,6479.27,5655.04,36215468.25,6404.1
2018-08-22 00:00:00,6478.99,6906.81,6250,6355.76,11955.65,78180267.29,6539.19
2018-08-23 00:00:00,6355.97,6575.99,6344.8,6525.01,4028.43,25923311.05,6435.08
2018-08-24 00:00:00,6525.99,6721.09,6445.32,6692.94,6374.54,41835350.65,6562.88
2018-08-25 00:00:00,6692.99,6800,6664.25,6732.4,4980.65,33427519.44,6711.48
2018-08-26 00:00:00,6732.99,6775.34,6558.95,6700.46,3475.72,23147173.65,6659.68
2018-08-27 00:00:00,6700.13,6944.47,6641.35,6904.51,5863.69,39516728.82,6739.23
2018-08-28 00:00:00,6911.7,7125.28,6861.17,7080.94,8222.25,57566051.75,7001.25
2018-08-29 00:00:00,7079.46,7124.06,6890,7032.96,5730.98,40314346.33,7034.46
2018-08-30 00:00:00,7034.47,7055.97,6792.85,6984.01,6875.26,47500189.24,6908.86
2018-08-31 00:00:00,6984.34,7101.03,6879,7017.35,5790.38,40424258.59,6981.28
2018-09-01 00:00:00,7015.78,7300.18,7015.22,7185.01,4590.46,32867138.36,7159.88
2018-09-02 00:00:00,7195.8,7334.5,7130.63,7290.31,3297.69,23897118.98,7246.63
2018-09-03 00:00:00,7291.94,7340.08,7184,7258.99,2829.88,20542456.31,7259.13
2018-09-04 00:00:00,7261.29,7411.85,7231,7361,4531.15,33221323.53,7331.77
2018-09-05 00:00:00,7353.48,7387,6650,6679.3,12408.8,87114382.02,7020.37
2018-09-06 00:00:00,6671.95,6705.59,6253.29,6493.09,14674.02,94114515.67,6413.68
2018-09-07 00:00:00,6488.01,6525,6322,6400,6541.97,42087647,6433.48
2018-09-08 00:00:00,6401.01,6465.46,6113.23,6178.31,4284.19,26909063.9,6281.01
2018-09-09 00:00:00,6178.31,6451.51,6094.38,6236.04,4104.31,25806798.06,6287.73
2018-09-10 00:00:00,6238.99,6351.13,6223.9,6301.99,5371.73,33758141.37,6284.41
2018-09-11 00:00:00,6303.99,6405,6162.06,6279.99,7076.8,44475428.53,6284.68
2018-09-12 00:00:00,6274.6,6350,6192.89,6322.45,4282.16,26839702.05,6267.8
2018-09-13 00:00:00,6326.83,6537.46,6324.37,6485.7,6985.35,45125974.32,6460.09
2018-09-14 00:00:00,6482.95,6587,6384.36,6476.51,4598.02,29850883.84,6492.12
2018-09-15 00:00:00,6476.51,6570.1,6466.74,6520.15,1328.82,8662492.76,6518.94
2018-09-16 00:00:00,6521.49,6524.84,6349.47,6499.98,1098.63,7093170.71,6456.39
2018-09-17 00:00:00,6499.28,6530.24,6200,6254.52,4386.89,27739081.67,6323.18
2018-09-18 00:00:00,6251.49,6390,6226.63,6332.34,4196.47,26460916.64,6305.51
2018-09-19 00:00:00,6330,6510,6100,6388.4,7232.08,45772818.07,6329.13
2018-09-20 00:00:00,6388.4,6535.11,6333.63,6492.98,5177.65,33213278.94,6414.75
2018-09-21 00:00:00,6492.98,6775.34,6483.83,6749.45,8569.99,57182294.26,6672.39
2018-09-22 00:00:00,6748.85,6826.28,6624.79,6710.01,5491.81,36794402.76,6699.87
2018-09-23 00:00:00,6710.01,6774.91,6659,6702.22,3248.8,21797275,6709.32
2018-09-24 00:00:00,6703.37,6721.68,6550.96,6581.52,4030.73,26700208.64,6624.17
2018-09-25 00:00:00,6578.7,6579.59,6324.96,6428.99,8206.62,52637968.01,6414.09
2018-09-26 00:00:00,6428.09,6540,6379.44,6461.51,4295.93,27796306.37,6470.39
2018-09-27 00:00:00,6454.32,6736.85,6431.95,6681.62,5664.85,37174589.12,6562.32
2018-09-28 00:00:00,6684.5,6792.28,6525.67,6610.76,7642.05,50899264.34,6660.42
2018-09-29 00:00:00,6609.02,6609.02,6454,6579.38,3382.02,22128320.87,6542.94
2018-09-30 00:00:00,6574.29,6628.06,6510,6597.81,2482.7,16324644.28,6575.37
2018-10-01 00:00:00,6597.79,6638.15,6477.57,6571.2,4796.04,31458261.98,6559.22
2018-10-02 00:00:00,6569.32,6597,6447.28,6500,4116.13,26864363.52,6526.6
2018-10-03 00:00:00,6500,6510,6396.34,6456.77,4774.76,30760590.45,6442.33
2018-10-04 00:00:00,6454.81,6604.89,6450.58,6547.56,3832.7,25105506.15,6550.34
2018-10-05 00:00:00,6548.83,6641.35,6510,6582.12,3807.27,24952327.06,6553.86
2018-10-06 00:00:00,6582.11,6595.69,6526.28,6544.08,2022.78,13254229.65,6552.48
2018-10-07 00:00:00,6547.93,6600,6493.92,6577.63,2455.66,16093496.64,6553.64
2018-10-08 00:00:00,6574.15,6656.63,6541.06,6604.75,4079.04,26896727.81,6593.88
2018-10-09 00:00:00,6604.76,6623.14,6553.13,6588.8,2254.95,14848937.23,6585.04
2018-10-10 00:00:00,6588.72,6589.79,6387.91,6517.55,5177.07,33606177.89,6491.35
2018-10-11 00:00:00,6517.55,6520.43,6055.28,6152.76,9616.24,59646337.39,6202.67
2018-10-12 00:00:00,6152.76,6243.79,6109.79,6185.15,3246.38,20109494.41,6194.43
2018-10-13 00:00:00,6182.03,6219.77,6168.83,6199.69,1954.05,12104441.16,6194.55
2018-10-14 00:00:00,6201.23,6349.47,6143.08,6183,2525.74,15747443.03,6234.79
2018-10-15 00:00:00,6185.04,6756,6149.28,6441.74,16895.89,109101087.19,6457.26
2018-10-16 00:00:00,6438.2,6493.77,6386.4,6461.2,4703.09,30285390.61,6439.46
2018-10-17 00:00:00,6457.67,6465.39,6407.69,6437.29,2961.26,19059528.81,6436.28
2018-10-18 00:00:00,6440.07,6490,6350,6396.18,3823.17,24539602.73,6418.65
2018-10-19 00:00:00,6394.23,6412.4,6355.99,6383.46,2290.06,14619039.59,6383.7
2018-10-20 00:00:00,6380.47,6424.16,6363.02,6412.86,1261.98,8074213.59,6398.06
2018-10-21 00:00:00,6412.86,6470,6401.01,6413.38,1541.01,9913980.56,6433.42
2018-10-22 00:00:00,6412.62,6429.23,6372.53,6406.06,2407.54,15414714.1,6402.69
2018-10-23 00:00:00,6409.39,6421.58,6354.26,6393.41,2851.01,18228502.55,6393.71
2018-10-24 00:00:00,6396.24,6473,6393,6411.96,3535.34,22732295.2,6430.02
2018-10-25 00:00:00,6411.96,6422.73,6361.73,6393.53,3046.6,19490730.26,6397.53
2018-10-26 00:00:00,6393.38,6450.3,6377.81,6406.1,3323.83,21303202.37,6409.24
2018-10-27 00:00:00,6406.1,6420.01,6381.25,6407.66,890.13,5701110.62,6404.83
2018-10-28 00:00:00,6407.66,6420,6383,6405.57,839.3,5373482.3,6402.36
2018-10-29 00:00:00,6404.27,6420,6208.37,6266.52,5190.82,32694346.11,6298.49
2018-10-30 00:00:00,6266.47,6289,6240,6269.46,2523.58,15805196.34,6263.01
2018-10-31 00:00:00,6269.45,6350,6199.25,6303.27,5148.08,32332283.69,6280.45
2018-11-01 00:00:00,6304.5,6365.33,6288.01,6340.99,2190.97,13838359.44,6316.09
2018-11-02 00:00:00,6343.85,6381.25,6328.33,6350.43,2678.07,17012019.32,6352.34
2018-11-03 00:00:00,6350.05,6351.74,6312.48,6335,1084.14,6864460.65,6331.72
2018-11-04 00:00:00,6333.59,6475,6310.57,6421.76,2673.81,17116581.48,6401.56
2018-11-05 00:00:00,6428.23,6441.43,6369.89,6403.2,2335.49,14954709.15,6403.25
2018-11-06 00:00:00,6404.97,6460.01,6378.24,6447.5,4270.33,27417937.89,6420.56
2018-11-07 00:00:00,6448.17,6544,6442.47,6501,4800.82,31247977.06,6508.88
2018-11-08 00:00:00,6501,6511.27,6388.88,6405.49,3966.97,25570494.65,6445.85
2018-11-09 00:00:00,6405.49,6418.18,6307,6325,3218.13,20476250.47,6362.78
2018-11-10 00:00:00,6325,6377.26,6323,6349.32,1523.39,9677159.37,6352.37
2018-11-11 00:00:00,6349.39,6365,6269.46,6357.54,1718.27,10854216.52,6316.95
2018-11-12 00:00:00,6352.57,6388.21,6298.5,6318,3526.04,22378566.05,6346.66
2018-11-13 00:00:00,6318.01,6328.36,6244.35,6260.91,3630.56,22827592.59,6287.62
2018-11-14 00:00:00,6255.86,6298.47,5324,5595.91,25121.93,143987644.22,5731.55
2018-11-15 00:00:00,5592.23,5641,5199.8,5585,19945.91,108872516.92,5458.39
2018-11-16 00:00:00,5571.12,5610,5411.74,5508.71,8074.61,44657465.08,5530.61
2018-11-17 00:00:00,5514.62,5550.66,5452.63,5503.36,2732.79,14991835.84,5485.91
2018-11-18 00:00:00,5503.36,5658.47,5500,5559.26,2576.46,14290586.72,5546.61
2018-11-19 00:00:00,5553.01,5559.69,4694.44,4735.44,28910.67,147178633.81,5090.81
2018-11-20 00:00:00,4732.92,4897.36,4048.58,4352,39775.39,177352795.25,4458.86
2018-11-21 00:00:00,4349.41,4635,4242.33,4538.01,20678.25,92027869.73,4450.47
2018-11-22 00:00:00,4551.47,4589.53,4194.98,4275.23,10258.46,45481714.05,4433.58
2018-11-23 00:00:00,4268.4,4364.46,4061.02,4288.26,13322.78,56383826.96,4232.14
2018-11-24 00:00:00,4288.25,4376.88,3638.48,3785.65,14236.74,56563010.22,3973.03
2018-11-25 00:00:00,3780.67,4120,3474.73,3938.89,26969.95,101709290.06,3771.21
2018-11-26 00:00:00,3934.22,4069.59,3522.28,3727.34,24357.88,92772590.95,3808.73
2018-11-27 00:00:00,3727.34,3834.35,3548.76,3771.01,16814,62225242.1,3700.8
2018-11-28 00:00:00,3771.01,4355.08,3771,4220.16,22983.71,94257707.8,4101.07
2018-11-29 00:00:00,4219.77,4409.77,4086.97,4249.8,15944.01,67532605.27,4235.61
2018-11-30 00:00:00,4250,4300,3861,3971.06,14364.62,58011049.46,4038.47
2018-12-01 00:00:00,3970.56,4264.47,3904.34,4140.39,6412.23,26273733.31,4097.44
2018-12-02 00:00:00,4140.4,4265,4030,4102.05,7019.16,28949962.29,4124.42
2018-12-03 00:00:00,4099.63,4115.15,3747,3834.34,10726.68,41858808.87,3902.31
2018-12-04 00:00:00,3830.81,4033.98,3730,3903.52,12249.94,47819573.3,3903.66
2018-12-05 00:00:00,3903.52,3913.62,3662.35,3696.69,13443.22,50827904.39,3780.93
2018-12-06 00:00:00,3694.03,3844.79,3415.22,3437.26,15480.97,56597884.5,3655.97
2018-12-07 00:00:00,3437.22,3531,3210,3380.68,26513.23,88893035.82,3352.78
2018-12-08 00:00:00,3376.27,3495.99,3241,3398.8,10176.35,34421391.56,3382.49
2018-12-09 00:00:00,3398.8,3633.2,3371.09,3529.75,8011.02,27994455.42,3494.49
2018-12-10 00:00:00,3528.68,3588.43,3355,3408,10375.27,35762233.99,3446.87
2018-12-11 00:00:00,3406.41,3427.27,3292.65,3353.42,8951.71,30055511.53,3357.52
2018-12-12 00:00:00,3345.01,3490,3325.7,3430.18,7284.1,24838992.74,3410.03
2018-12-13 00:00:00,3430.2,3441.13,3221.14,3262.73,11715.02,39159173.14,3342.65
2018-12-14 00:00:00,3263.55,3294.81,3135.55,3195.75,14437.51,46477267.85,3219.2
2018-12-15 00:00:00,3194.04,3230,3122.28,3179.54,5814.87,18443151.4,3171.72
2018-12-16 00:00:00,3180.84,3259.43,3178.23,3193.78,6033.51,19434090.5,3221.03
2018-12-17 00:00:00,3191.41,3590,3181.26,3496.73,16389.79,55606991.78,3392.78
2018-12-18 00:00:00,3499.37,3684,3422.77,3667.16,13792.36,48496928.95,3516.22
2018-12-19 00:00:00,3667.16,3924.01,3642.69,3684.5,21125.61,79545514.15,3765.36
2018-12-20 00:00:00,3684.03,4172.07,3656.75,4073.77,25986.85,103366906.75,3977.66
2018-12-21 00:00:00,4073.58,4162,3770,3841.08,16967.23,67233453.96,3962.55
2018-12-22 00:00:00,3842.59,4010.16,3780.09,3980.9,7697.6,29734295.27,3862.8
2018-12-23 00:00:00,3977.65,4051,3900,3943.83,4609.89,18332110.09,3976.69
2018-12-24 00:00:00,3947.82,4236.84,3944.84,4036,12017.92,49649616.36,4131.3
2018-12-25 00:00:00,4034.54,4049.23,3674.73,3779.99,11801.43,44622786.99,3781.13
2018-12-26 00:00:00,3780,3863.34,3678.8,3810.01,10064.18,37995283.76,3775.3
2018-12-27 00:00:00,3810.01,3841.17,3566,3591.69,11850.01,43869266.6,3702.04
2018-12-28 00:00:00,3590.26,3970,3575,3884.97,13055.72,48891063.49,3744.8
2018-12-29 00:00:00,3884.66,3961.85,3702.51,3725.48,6901.38,26691913.7,3867.62
2018-12-30 00:00:00,3728.96,3870,3688.76,3835.79,5736.45,21721262.52,3786.53
2018-12-31 00:00:00,3831.03,3842.89,3630,3693.3,6667.16,25010761.82,3751.33
2019-01-01 00:00:00,3693.85,3845.46,3629.66,3823.44,5149.61,19109447.54,3710.86
2019-01-02 00:00:00,3825.41,3918.67,3770,3885.87,5534.47,21204092.85,3831.28
2019-01-03 00:00:00,3890.27,3893.4,3760,3787.81,4803.25,18338723.9,3817.99
2019-01-04 00:00:00,3785.64,3850.33,3732.38,3817.71,7452.06,28220044.67,3786.88
2019-01-05 00:00:00,3822,3887.09,3780,3791.84,3656.38,14020879.43,3834.64
2019-01-06 00:00:00,3795.38,4090,3753,4040.71,5400.71,21427648.65,3967.56
2019-01-07 00:00:00,4040.71,4070,3964.01,4005.45,7445.1,29916081.14,4018.23
2019-01-08 00:00:00,4005,4112,3934.73,3994.9,11819.99,47481852.77,4017.08
2019-01-09 00:00:00,3994.75,4060,3948.44,4002.13,7390.13,29620536.33,4008.12
2019-01-10 00:00:00,4003.09,4036.22,3503.44,3627.51,16118.42,60604856.02,3759.97
2019-01-11 00:00:00,3627.65,3704.6,3569.85,3632.02,10571.08,38424235.36,3634.84
2019-01-12 00:00:00,3631,3650.35,3557.09,3617.13,3184.35,11535036.6,3622.41
2019-01-13 00:00:00,3617.75,3654.02,3476,3515.95,5908.52,20934352.45,3543.08
2019-01-14 00:00:00,3517.03,3714,3506,3664.28,9925.99,35847383.46,3611.47
2019-01-15 00:00:00,3664.28,3687.02,3534.68,3576.93,8059.82,29241212.44,3628.02
2019-01-16 00:00:00,3576.92,3669,3570.48,3605.91,7675.07,27663336.54,3604.31
2019-01-17 00:00:00,3609.5,3660,3534.25,3638.01,7499.53,27014864.27,3602.21
2019-01-18 00:00:00,3638.01,3641.9,3577,3609.21,5023.51,18143547.92,3611.73
2019-01-19 00:00:00,3609.29,3774,3602.6,3681,4080.88,15092405.4,3698.32
2019-01-20 00:00:00,3680,3703.27,3470,3536.72,5591.02,19980428.35,3573.67
2019-01-21 00:00:00,3537.42,3573.29,3485.58,3531.51,5821.9,20586618.86,3536.07
2019-01-22 00:00:00,3531.51,3615.8,3401.36,3576.81,6877.06,24400934.5,3548.16
2019-01-23 00:00:00,3574.44,3620.23,3518,3552.32,6170.84,21996453.75,3564.58
2019-01-24 00:00:00,3553.2,3598,3524,3570.73,4488.01,15953466.43,3554.68
2019-01-25 00:00:00,3570.67,3578.79,3511,3560,4961.8,17617604.18,3550.65
2019-01-26 00:00:00,3560.94,3657.89,3536.51,3555.56,2697.88,9670775.28,3584.58
2019-01-27 00:00:00,3555.31,3564.12,3456,3533.23,3852.66,13626083.66,3536.8
2019-01-28 00:00:00,3532.23,3536.77,3357.3,3429.5,10345.1,35519461.33,3433.46
2019-01-29 00:00:00,3431.43,3438.76,3322.19,3390.5,7284.39,24704685.92,3391.46
2019-01-30 00:00:00,3391.25,3465.05,3372.34,3437.35,5704.02,19556298.64,3428.51
2019-01-31 00:00:00,3438,3474.2,3392.6,3413.11,5951.82,20359058.48,3420.65
2019-02-01 00:00:00,3413.69,3460,3364.53,3434.83,6659.85,22735654.44,3413.84
2019-02-02 00:00:00,3434.83,3485,3406.38,3462.82,3051.96,10489394.68,3436.94
2019-02-03 00:00:00,3470.5,3476.33,3384.67,3414.82,2813.89,9626058.84,3420.91
2019-02-04 00:00:00,3413.75,3439.46,3394.85,3410.87,3244.08,11074078.68,3413.62
2019-02-05 00:00:00,3409.81,3435,3396,3431.39,4045.63,13840265.57,3421.04
2019-02-06 00:00:00,3431.81,3445.6,3328.7,3364.62,6137.41,20699744.76,3372.72
2019-02-07 00:00:00,3364,3383.29,3350,3359.33,4293.56,14448057.46,3365.06
2019-02-08 00:00:00,3358.39,3711.04,3337.91,3622.94,14388.65,50248129.15,3492.21
2019-02-09 00:00:00,3626.12,3639.74,3589.52,3622.62,4054.5,14659227.17,3615.54
2019-02-10 00:00:00,3622.74,3662.43,3576.16,3650.37,4155.51,14996011.74,3608.71
2019-02-11 00:00:00,3651.32,3652.56,3578.7,3588.7,7931.41,28525625.69,3596.54
2019-02-12 00:00:00,3588.99,3619.93,3548.28,3585.94,10074.82,36046410.87,3577.87
2019-02-13 00:00:00,3585.7,3629.81,3541,3574.93,7992.74,28613304.74,3579.91
2019-02-14 00:00:00,3575.01,3590.74,3531.01,3560.46,5910.24,21082913.21,3567.18
2019-02-15 00:00:00,3560.45,3620.53,3544.88,3566.29,6234.77,22272512.65,3572.31
2019-02-16 00:00:00,3566.29,3609,3561.96,3579.92,3442.48,12350121.59,3587.57
2019-02-17 00:00:00,3580.43,3663.34,3553.98,3625.6,5012.46,18011276.28,3593.3
2019-02-18 00:00:00,3625.6,3916.47,3614.82,3869.8,15567.08,58674557.93,3769.14
2019-02-19 00:00:00,3870.97,4000,3840.08,3888.46,12525.14,48910408.18,3904.98
2019-02-20 00:00:00,3889.92,3967.52,3861.49,3936.53,9854.35,38561744.99,3913.17
2019-02-21 00:00:00,3936.8,3989.99,3866.25,3900.4,8055.8,31475910.64,3907.24
2019-02-22 00:00:00,3900.64,3957,3882.59,3939.82,6593.86,25879991.77,3924.86
2019-02-23 00:00:00,3939.83,4157.87,3905.63,4113.53,7966.32,32028687.87,4020.51
2019-02-24 00:00:00,4113.56,4190,3714.42,3730.68,13737.01,53603410.05,3902.12
2019-02-25 00:00:00,3733.78,3861.81,3732.6,3820.71,8835.36,33543603.92,3796.52
2019-02-26 00:00:00,3817.93,3830,3760.09,3795.06,6543.16,24837831.57,3796
2019-02-27 00:00:00,3794.42,3822.85,3658.19,3798.47,7602.3,28706835.35,3776.07
2019-02-28 00:00:00,3796.49,3897.62,3755,3791.36,6747.88,25746719.72,3815.53
2019-03-01 00:00:00,3791.02,3845.3,3789.5,3807.05,4761.41,18170862.43,3816.28
2019-03-02 00:00:00,3805,3818.75,3760,3810.46,3259.74,12393751.74,3802.06
2019-03-03 00:00:00,3810.47,3822.39,3756,3789.52,2508.09,9523416.42,3797.08
2019-03-04 00:00:00,3789.7,3806.9,3670,3698.66,7293.72,27105164.09,3716.23
2019-03-05 00:00:00,3698.65,3877.1,3690,3844.07,7280.82,27498624.65,3776.86
2019-03-06 00:00:00,3844.07,3895.12,3808.8,3851.55,6402.68,24600354.34,3842.2
2019-03-07 00:00:00,3851.26,3891.04,3826.13,3856.64,7964.51,30756305.29,3861.67
2019-03-08 00:00:00,3856.78,3924.37,3760.1,3844.64,7707.4,29803213.62,3866.83
2019-03-09 00:00:00,3841.27,3950.25,3835.66,3916.43,5125.9,19985226.61,3898.87
2019-03-10 00:00:00,3916.42,3916.43,3862,3897.92,3000.61,11673773.43,3890.47
2019-03-11 00:00:00,3898.14,3912.89,3812.64,3849.25,6612.12,25515157.45,3858.85
2019-03-12 00:00:00,3848.86,3877.69,3791.07,3859.74,5794.61,22283818.22,3845.61
2019-03-13 00:00:00,3861.37,3874.68,3820,3848.48,4275.54,16469275.85,3851.98
2019-03-14 00:00:00,3848.1,3903.98,3775.01,3854.77,5167.57,19886126.85,3848.26
2019-03-15 00:00:00,3857.33,3912.06,3843.09,3901.21,6411.98,24876260.54,3879.65
2019-03-16 00:00:00,3899.19,4040,3899.12,3990,6959.48,27724833.66,3983.75
2019-03-17 00:00:00,3990,3992.42,3927.28,3965.5,2711.95,10744212.34,3961.8
2019-03-18 00:00:00,3965.63,4016.63,3929.83,3969.59,5420.23,21505812.16,3967.69
2019-03-19 00:00:00,3969.94,4012.63,3947.15,3998.13,5317.45,21153639.86,3978.15
2019-03-20 00:00:00,3999.5,4050,3962.6,4031.59,6244.95,24964948.95,3997.62
2019-03-21 00:00:00,4033.7,4055.35,3919.63,3974.21,7561.76,30251309.87,4000.56
2019-03-22 00:00:00,3974.5,4000.81,3958.94,3982.07,3453.37,13748642.55,3981.23
2019-03-23 00:00:00,3980.4,4001.17,3957.11,3982.52,2259.56,8995643.74,3981.14
2019-03-24 00:00:00,3979.19,3980.97,3942.04,3969.99,2204.07,8742092.02,3966.35
2019-03-25 00:00:00,3970.23,3980.22,3850.45,3910.51,6913.37,27189380.94,3932.87
2019-03-26 00:00:00,3910,3936.36,3879.5,3922.58,4315.6,16861151.72,3907.02
2019-03-27 00:00:00,3922.58,4037.11,3912.19,4025.5,8151.68,32592640.14,3998.28
2019-03-28 00:00:00,4025.5,4025.56,3992.6,4012.23,3927.55,15744777.99,4008.81
2019-03-29 00:00:00,4011,4102.57,4005,4090,8391.03,34098247.14,4063.65
2019-03-30 00:00:00,4090,4130.36,4040,4094.92,3923.14,16028640.27,4085.67
2019-03-31 00:00:00,4094.92,4101.7,4074.29,4096.08,2402.59,9822820.41,4088.43
2019-04-01 00:00:00,4092.02,4150,4052.56,4136.32,7232.99,29807202.33,4121.01
2019-04-02 00:00:00,4133.93,5080,4130.64,4899.63,30686.17,144785689.16,4718.27
2019-04-03 00:00:00,4899.01,5345,4800.5,4978.23,29321.27,148435658.41,5062.39
2019-04-04 00:00:00,4972.83,5077.35,4778.59,4907.94,15898.12,78840978.39,4959.14
2019-04-05 00:00:00,4911.14,5067.62,4883.83,5039.73,13023.75,64917443.58,4984.54
2019-04-06 00:00:00,5041,5240,4900,5041.39,10049.84,51017111.46,5076.41
2019-04-07 00:00:00,5041.92,5253.49,5028.3,5190.85,10872.52,55878707.92,5139.44
2019-04-08 00:00:00,5192.92,5347.37,5127.68,5287.88,13344.98,69911564.04,5238.79
2019-04-09 00:00:00,5287.97,5288.95,5136.01,5192.6,9410.35,49074999.2,5215
2019-04-10 00:00:00,5184.03,5466.06,5161,5323.47,10723.93,56733870.63,5290.4
2019-04-11 00:00:00,5323.47,5344.31,4966.87,5040.2,15052.96,77058519.38,5119.16
2019-04-12 00:00:00,5037.82,5122.48,4912,5076.35,8057.04,40611392.58,5040.49
2019-04-13 00:00:00,5075.74,5122.01,5033.73,5063.63,4520.44,22996133.34,5087.15
2019-04-14 00:00:00,5064,5185.26,5012.73,5162.72,3443.45,17507405.65,5084.27
2019-04-15 00:00:00,5160.54,5192.01,4948.57,5027.31,7423.01,37886833.04,5103.97
2019-04-16 00:00:00,5027.33,5231.96,5014.77,5202.43,7675.4,39252097.87,5114.01
2019-04-17 00:00:00,5201.47,5275.07,5170.01,5233.72,6741.08,35182213.53,5219.08
2019-04-18 00:00:00,5227.6,5325,5218.23,5281.58,6375.9,33581379.58,5266.93
2019-04-19 00:00:00,5283,5357.96,5180.37,5289.91,5285.61,27787551.02,5257.21
2019-04-20 00:00:00,5289.91,5362.97,5253.82,5318.89,3665.57,19479087.79,5314.07
2019-04-21 00:00:00,5318.94,5346.91,5212.8,5295.65,4631.04,24426951.87,5274.62
2019-04-22 00:00:00,5295.96,5439.12,5249,5386.8,7127.11,38003121.44,5332.19
2019-04-23 00:00:00,5388.22,5627,5363.24,5531.32,10132.4,56135134.06,5540.16
2019-04-24 00:00:00,5531.29,5623.3,5372,5440.95,10521.04,57671142.74,5481.51
2019-04-25 00:00:00,5440.95,5510,4991.42,5132.55,9893.94,52721094.6,5328.63
2019-04-26 00:00:00,5132.5,5291.48,5046.31,5155.19,15033.1,77511527.5,5156.06
2019-04-27 00:00:00,5154.11,5218.31,5113,5168.91,4041.33,20859890.06,5161.64
2019-04-28 00:00:00,5171.51,5213.23,5099,5160.98,3957.25,20435452.59,5164.05
2019-04-29 00:00:00,5152.98,5191.96,5071.58,5149.11,5753.62,29624138.31,5148.79
2019-04-30 00:00:00,5150.21,5287.4,5127.05,5269,5055.27,26344656.3,5211.32
2019-05-01 00:00:00,5267.86,5357.96,5263.03,5318.42,4209.28,22327344.49,5304.31
2019-05-02 00:00:00,5322.28,5422.94,5304.99,5385,5908.52,31718265.13,5368.22
2019-05-03 00:00:00,5385,5796.56,5363.1,5658.22,12700.59,71710767.76,5646.26
2019-05-04 00:00:00,5659.82,5846.13,5510,5764.65,8525.46,48561070.88,5696.01
2019-05-05 00:00:00,5766.46,5782.55,5624.25,5709.32,5162.56,29525690.05,5719.19
2019-05-06 00:00:00,5714.4,5755.79,5562.44,5685.46,6826.98,38600438.32,5654.1
2019-05-07 00:00:00,5686.88,5970,5686.88,5751.54,10741.56,62963390.9,5861.66
2019-05-08 00:00:00,5751.54,5986,5658.66,5940.89,6320.41,36919597.99,5841.33
2019-05-09 00:00:00,5945.32,6172,5932.83,6156.7,9081.24,54837077.64,6038.5
2019-05-10 00:00:00,6151.66,6426.8,6105,6342.84,13821.71,86993043.92,6293.94
2019-05-11 00:00:00,6338.93,7445,6338.93,7217.47,22331.44,154120013.56,6901.48
2019-05-12 00:00:00,7214.4,7585,6762.57,6974.35,27398.21,196853127.65,7184.89
2019-05-13 00:00:00,6968.84,8167.5,6863.75,7810.05,27299.34,207721775.3,7609.04
2019-05-14 00:00:00,7810.72,8335.56,7618.99,7986,18881.44,151041058.58,7999.45
2019-05-15 00:00:00,7991.72,8300,7838,8208.69,16613.07,133855606.84,8057.25
2019-05-16 00:00:00,8203.97,8390.95,7654.93,7880,17078.7,136561637.63,7996.02
2019-05-17 00:00:00,7879.28,7942.09,6178,7351.71,27307.58,195598026.61,7162.77
2019-05-18 00:00:00,7352.39,7493.85,7205.57,7260.12,7564.9,55459642.04,7331.18
2019-05-19 00:00:00,7257.82,8299.99,7247.86,8200,15595.27,123932797.58,7946.82
2019-05-20 00:00:00,8193.45,8199.97,7581.03,8005.64,13426.79,106107178.84,7902.65
2019-05-21 00:00:00,8007.67,8117.48,7676.27,7955.16,7518.56,59705615.64,7941.1
2019-05-22 00:00:00,7949.18,8049.22,7505.69,7624.95,8396.82,65846626.43,7841.85
2019-05-23 00:00:00,7622.9,7980,7468.31,7880.22,8370.36,64573988.33,7714.6
2019-05-24 00:00:00,7880.4,8188.87,7795.95,7999.02,9358.97,75015715.38,8015.38
2019-05-25 00:00:00,7999.02,8158.45,7939.76,8064.64,3361.65,27074799.57,8054.01
2019-05-26 00:00:00,8066.15,8802.29,7888.91,8733.26,8526.81,71863220.7,8427.91
2019-05-27 00:00:00,8733.27,8939.18,8653.68,8770.73,8948.02,78657195.1,8790.45
2019-05-28 00:00:00,8774.45,8817.41,8540.94,8717.96,6144.01,53514184.13,8709.97
2019-05-29 00:00:00,8715.35,8762.39,8421.12,8663.41,7584.26,65411714.73,8624.67
2019-05-30 00:00:00,8663.07,9096.79,8000,8277.76,15259.59,130901794.23,8578.33
2019-05-31 00:00:00,8277.76,8589.99,8109.74,8547.2,9957.91,83009912.02,8336.08
2019-06-01 00:00:00,8545.8,8624.72,8457.33,8556.27,5167.05,44144370.37,8543.44
2019-06-02 00:00:00,8560.1,8833.97,8546.01,8734.49,4263.04,37098988.77,8702.48
2019-06-03 00:00:00,8735.84,8745.96,8049.22,8103.64,9955.03,84089274.15,8446.91
2019-06-04 00:00:00,8103.63,8103.63,7432.84,7665.53,15485.7,120977317.96,7812.19
2019-06-05 00:00:00,7673.41,7924.48,7570.9,7785.94,9193.71,71403852.94,7766.6
2019-06-06 00:00:00,7784.62,7878.62,7449.68,7806.07,8738.67,67238735.51,7694.39
2019-06-07 00:00:00,7801.97,8134.99,7758.93,8001.25,9012.1,71665291.08,7952.12
2019-06-08 00:00:00,8002.68,8061.12,7777.67,7932.27,4870.12,38536604.55,7912.87
2019-06-09 00:00:00,7933.17,7966.58,7511.41,7632.99,3895.85,30121891.88,7731.79
2019-06-10 00:00:00,7629.98,8090,7523.16,8021.1,7150.59,56100688.22,7845.6
2019-06-11 00:00:00,8017.99,8057.32,7713.34,7919.1,5552.69,43736594.89,7876.65
2019-06-12 00:00:00,7915.7,8266,7821.73,8176.27,8577.16,69114902.53,8058.01
2019-06-13 00:00:00,8171.12,8335.56,8049.22,8238,7237.8,59224703.04,8182.69
2019-06-14 00:00:00,8235.44,8737.37,8174.92,8697.54,8678.25,72939450.9,8404.86
2019-06-15 00:00:00,8694.74,8911.98,8623.52,8857.19,5275.75,46136638.05,8745.03
2019-06-16 00:00:00,8857.19,9391.85,8805,8974.19,15018.85,136949106.53,9118.48
2019-06-17 00:00:00,8973.02,9477.7,8973.02,9333.48,12760.96,118055249.83,9251.28
2019-06-18 00:00:00,9333.48,9361.87,8918,9078.84,11327.45,103380451.5,9126.54
2019-06-19 00:00:00,9076.51,9325.85,9036.19,9278.27,4687.26,42898235.43,9152.09
2019-06-20 00:00:00,9280.17,9600,9211.08,9534.99,7870.32,73844684.38,9382.68
2019-06-21 00:00:00,9534.99,10229.49,9534.97,10222.12,12553.1,123290085.49,9821.49
2019-06-22 00:00:00,10222.13,11200,10085.5,10661.3,13709.3,146874837.08,10713.52
2019-06-23 00:00:00,10665.66,11247.62,10483.33,10831.95,7270.65,78614343.38,10812.57
2019-06-24 00:00:00,10827.23,11099,10551.51,11029.63,8247.39,89425712.76,10842.91
2019-06-25 00:00:00,11030,11796.37,11000.02,11751.01,12133.57,137485305.05,11330.98
2019-06-26 00:00:00,11760,13880,11647.07,12920.54,37487.8,476983027.94,12723.69
2019-06-27 00:00:00,12927.44,13355.61,10300,11153.74,36106.96,417050294.03,11550.41
2019-06-28 00:00:00,11153.73,12447.46,10739.1,12354.43,18718.1,218180576.58,11656.13
2019-06-29 00:00:00,12354.45,12386.76,11317.03,11858.62,12266,144889140.81,11812.26
2019-06-30 00:00:00,11867.35,12200.06,10651.3,10760.1,12642.62,142891926.13,11302.4
2019-07-01 00:00:00,10759.24,11200.41,9950,10577.43,22917.44,243205448.54,10612.24
2019-07-02 00:00:00,10581.78,10942.63,9614.08,10828.9,20285.25,206617402.08,10185.6
2019-07-03 00:00:00,10830.1,12009,10830.1,11967.43,19389.85,220385744.08,11366.03
2019-07-04 00:00:00,11970,12061.04,11052.74,11146.34,11185.29,130996748.9,11711.52
2019-07-05 00:00:00,11144.82,11440,10769.15,10997.84,11893.44,132207381.38,11115.99
2019-07-06 00:00:00,10996.82,11735,10982.89,11240,7892.18,90077908.73,11413.57
2019-07-07 00:00:00,11233.21,11627,11083.76,11469.96,6683.06,75851416.72,11349.81
2019-07-08 00:00:00,11478.43,12398,11332.19,12286.14,11901.9,142163191.22,11944.58
2019-07-09 00:00:00,12299.94,12883.48,12030.43,12567.23,15115.55,188848935.9,12493.68
2019-07-10 00:00:00,12574.88,13200,11550,12098.95,19838.39,248386820.65,12520.51
2019-07-11 00:00:00,12101.44,12104.97,10966.81,11349.24,18468.69,212707393.65,11517.19
2019-07-12 00:00:00,11352.74,11942.39,11083.52,11808.91,9176.68,105982547.45,11549.12
2019-07-13 00:00:00,11811.08,11846.61,10810,11378.79,9391.35,105947622.16,11281.4
2019-07-14 00:00:00,11382.03,11467.3,10090,10191.87,12170.41,129392649.07,10631.74
2019-07-15 00:00:00,10191.87,11080.37,9855,10850,16048.03,166452851.72,10372.17
2019-07-16 00:00:00,10848.27,11042.11,9366,9412.81,20761.03,207176966.83,9979.13
2019-07-17 00:00:00,9427.45,9993,9049.54,9699.35,16992.79,161878855.06,9526.33
2019-07-18 00:00:00,9712.15,10797,9280.33,10648.6,18289.54,184684478.59,10097.82
2019-07-19 00:00:00,10638.44,10776.99,10102.58,10535.43,13787.46,143864052.15,10434.42
2019-07-20 00:00:00,10533.71,11120,10359.17,10750.11,9964.67,106763959.49,10714.25
2019-07-21 00:00:00,10757.15,10839.09,10325,10600.24,5628.16,59511306.04,10573.84
2019-07-22 00:00:00,10605.03,10686.89,10052.25,10328.83,9371.31,97152157.16,10366.98
2019-07-23 00:00:00,10315.87,10327.33,9801.88,9847.02,9040.85,90667673.97,10028.67
2019-07-24 00:00:00,9841.42,9911.5,9514.96,9763.67,9433.35,91609723.74,9711.27
2019-07-25 00:00:00,9781.52,10187,9734.19,9883.96,6377.96,63834998.12,10008.69
2019-07-26 00:00:00,9886.08,9897.46,9650,9846.94,5570.11,54443100.84,9774.15
2019-07-27 00:00:00,9846.94,10235,9299,9481.37,9614.1,92385636.33,9609.39
2019-07-28 00:00:00,9467.84,9634.5,9111,9533.19,3860.83,36403147.17,9428.83
2019-07-29 00:00:00,9538.73,9725.17,9360,9495.39,5068.65,48310068.33,9531.14
2019-07-30 00:00:00,9508.21,9775,9373.48,9593.62,5533.97,52939667.09,9566.31
2019-07-31 00:00:00,9592.26,10143.2,9574.09,10085.34,7917.51,78200173.69,9876.87
2019-08-01 00:00:00,10096.01,10499,9878.09,10407.71,7681.73,77733048.8,10119.21
2019-08-02 00:00:00,10416.79,10670,10318.47,10529.51,9286.86,97381562.11,10485.95
2019-08-03 00:00:00,10529.51,10919,10502.8,10821.52,6996.12,75441657.32,10783.36
2019-08-04 00:00:00,10812.58,11085.99,10564.96,10986.96,7556.33,81929591.53,10842.51
2019-08-05 00:00:00,10986.55,11959.36,10986.55,11800,17260.46,201353715.36,11665.61
2019-08-06 00:00:00,11800,12325,11200,11470,16420.58,193547554.62,11786.89
2019-08-07 00:00:00,11471.58,12145.42,11388.01,11971.57,15480.46,182167600.37,11767.59
2019-08-08 00:00:00,11973.46,12061.1,11450.93,11983.43,10144.46,119651274.84,11794.74
2019-08-09 00:00:00,11985.6,12040,11650,11859.32,7336.91,86686857.78,11815.16
2019-08-10 00:00:00,11859.32,11976.68,11200,11273.2,7447.25,85889772.9,11533.09
2019-08-11 00:00:00,11273.03,11589.73,11080.37,11528.73,4361.39,49596364.04,11371.69
2019-08-12 00:00:00,11527.44,11551.57,11194.04,11385.11,3417.71,38863136.43,11371.11
2019-08-13 00:00:00,11380.61,11446.94,10738.58,10862.28,9003.18,99425694.62,11043.4
2019-08-14 00:00:00,10862.25,10862.25,9888.57,10022.99,12678.94,131558630.97,10376.15
2019-08-15 00:00:00,10022.5,10444.66,9467.57,10301.44,15083.17,149955048.45,9941.88
2019-08-16 00:00:00,10294.9,10540,9736.96,10354.34,11080.4,112415461.63,10145.43
2019-08-17 00:00:00,10351.18,10472.93,9974.51,10210.89,3907.53,39960850.31,10226.63
2019-08-18 00:00:00,10221.94,10515,10065.41,10318.99,3398.42,35070670.11,10319.7
2019-08-19 00:00:00,10318.99,10940,10267.56,10927.3,8044.02,85921192.47,10681.37
2019-08-20 00:00:00,10927.3,10955.48,10549.74,10772.22,5883.6,63258208.57,10751.62
2019-08-21 00:00:00,10778.75,10807.54,9853.45,10134.75,9812.62,99715196.71,10161.93
2019-08-22 00:00:00,10123.56,10238.29,9755.53,10112.01,6710.31,67141742.8,10005.76
2019-08-23 00:00:00,10112.45,10479,10051,10401.6,5557.29,57205208.91,10293.72
2019-08-24 00:00:00,10401.87,10432,9885.48,10149.7,5106.56,51560324.93,10096.89
2019-08-25 00:00:00,10149.38,10355.89,9907.86,10136.75,3953.4,39932862.82,10100.9
2019-08-26 00:00:00,10136.75,10650,10136.75,10360.97,7166.68,74427752.3,10385.26
2019-08-27 00:00:00,10355.11,10375.53,10019.1,10167.29,4781.34,48582567.25,10160.88
2019-08-28 00:00:00,10171.39,10280.71,9555,9711.78,9303.16,92139450.46,9904.11
2019-08-29 00:00:00,9720.2,9720.2,9320,9490,7717.11,73190665.17,9484.21
2019-08-30 00:00:00,9490.56,9700,9350.1,9579.75,5317.31,50745922.28,9543.53
2019-08-31 00:00:00,9569.3,9682.73,9443.19,9594.15,1572.16,15068565.55,9584.65
2019-09-01 00:00:00,9593.5,9832,9538.75,9767.53,1799.37,17385154.88,9661.82
2019-09-02 00:00:00,9767.56,10471,9753.24,10384.48,6144.8,62231973.86,10127.59
2019-09-03 00:00:00,10384.07,10783,10286,10617.61,11443.54,120927751.37,10567.34
2019-09-04 00:00:00,10617.72,10834.15,10378.7,10586.26,10088.72,106597637.79,10566.02
2019-09-05 00:00:00,10586.26,10664.13,10461.97,10573.66,4555.62,48103450.42,10559.13
2019-09-06 00:00:00,10573.04,10949,10204.18,10311.09,10701.51,113795476.17,10633.59
2019-09-07 00:00:00,10309.04,10580,10297.58,10484.39,3148.51,32951131.73,10465.63
2019-09-08 00:00:00,10497.57,10594.88,10229.49,10400.18,3130.86,32602031.64,10413.12
2019-09-09 00:00:00,10387.33,10542.93,10060,10307.45,6059.76,62421152.93,10300.92
2019-09-10 00:00:00,10317.62,10390.09,9910,10096,4658.92,47153844.31,10121.19
2019-09-11 00:00:00,10093.39,10243.01,9855.11,10154.46,4614.35,46415583.4,10058.97
2019-09-12 00:00:00,10163.81,10465,10027.52,10420.34,4719.05,48386409.65,10253.43
2019-09-13 00:00:00,10423.99,10458.13,10153.87,10368.65,3755.42,38681903.56,10300.29
2019-09-14 00:00:00,10365.81,10441.47,10217.01,10355.37,2656.15,27508865.4,10356.65
2019-09-15 00:00:00,10362.52,10383.2,10258.49,10305.74,2297.72,23678550.44,10305.23
2019-09-16 00:00:00,10320.36,10378.07,10060.95,10269.98,5496.04,56202919.44,10226.08
2019-09-17 00:00:00,10257.2,10280.53,10130.59,10195.73,5078.6,51836062.12,10206.76
2019-09-18 00:00:00,10182.96,10263.65,10080,10152.09,3952.01,40255745.62,10186.15
2019-09-19 00:00:00,10161.59,10380.07,9600,10271.53,7455.91,74330211.45,9969.3
2019-09-20 00:00:00,10284.72,10308.04,10055,10169.02,4463.38,45340500.13,10158.33
2019-09-21 00:00:00,10169.02,10180.43,9913.35,9985.28,4148.9,41546389.89,10013.83
2019-09-22 00:00:00,9973,10093.24,9842.35,10020.58,3213.95,32059845.82,9975.2
2019-09-23 00:00:00,10022.38,10048.06,9606,9682.19,5447.96,53515870.75,9823.1
2019-09-24 00:00:00,9685.69,9782,7998,8536.82,28154.41,248668254.7,8832.3
2019-09-25 00:00:00,8536.71,8746.83,8216,8432.16,17435.87,147110144.95,8437.21
2019-09-26 00:00:00,8443.44,8467.89,7733.99,8055.03,16662.32,135420525.37,8127.35
2019-09-27 00:00:00,8055.25,8294.04,7866,8187.72,10165.85,81670753.09,8033.83
2019-09-28 00:00:00,8199.96,8356.4,8009.84,8218.07,6315.49,51567016.49,8165.17
2019-09-29 00:00:00,8218.07,8244.07,7902.66,8047.6,5366.57,43218226.93,8053.23
2019-09-30 00:00:00,8060.13,8368.5,7714.7,8298.45,9518.99,76794640.31,8067.52
2019-10-01 00:00:00,8304.47,8531.25,8195.42,8319.01,10224.59,85718023.2,8383.52
2019-10-02 00:00:00,8326.41,8393.39,8170.91,8373.42,4952.53,40874459.88,8253.24
2019-10-03 00:00:00,8377.68,8419.23,8029.14,8239.92,8701.12,71397271.09,8205.53
2019-10-04 00:00:00,8243.39,8244.93,7986.65,8152.07,6278.78,51161374.46,8148.3
2019-10-05 00:00:00,8157.89,8195,8016.26,8145.17,4445.1,36017535.45,8102.74
2019-10-06 00:00:00,8150.73,8176.46,7772.71,7854.12,6454.54,51315707.4,7950.33
2019-10-07 00:00:00,7863.75,8313.7,7763.54,8205.53,9363.33,75585498.65,8072.5
2019-10-08 00:00:00,8211.04,8344.12,8109.74,8178.54,3577.72,29364663.64,8207.64
2019-10-09 00:00:00,8185.85,8707.8,8110,8586.34,11634.19,98328556.67,8451.69
2019-10-10 00:00:00,8586.57,8666.84,8450.61,8582.11,7435.43,63608562.98,8554.79
2019-10-11 00:00:00,8589.08,8820,8222.88,8265.55,7824.59,66027648.86,8438.48
2019-10-12 00:00:00,8265.16,8427.76,8254.68,8303.43,1828.83,15246382.98,8336.67
2019-10-13 00:00:00,8303.43,8474.48,8132.91,8282.96,4445.28,37082713.92,8342.04
2019-10-14 00:00:00,8278.39,8416.67,8215.41,8362.99,4294.61,35705415.19,8314.01
2019-10-15 00:00:00,8353.33,8420.85,8086,8155.13,5044.66,41647353.51,8255.73
2019-10-16 00:00:00,8162.45,8179.1,7912.66,7995.89,8644.4,69316753.57,8018.69
2019-10-17 00:00:00,7995.73,8130.71,7936.71,8073.32,5395.89,43466038.76,8055.4
2019-10-18 00:00:00,8069.26,8120.77,7811.62,7955.08,5611.09,44500999.58,7930.9
2019-10-19 00:00:00,7950.48,8096.76,7875,7960.49,3461.13,27557421.1,7961.98
2019-10-20 00:00:00,7965.39,8314.77,7874.68,8235.74,6358.92,51422182.22,8086.62
2019-10-21 00:00:00,8236.49,8352,8156,8213.65,4919.73,40461008.14,8224.23
2019-10-22 00:00:00,8206.53,8314.77,7989.15,8025.9,5678.93,46474242.56,8183.62
2019-10-23 00:00:00,8021.57,8052.04,7293.55,7470.77,13306.18,100801574.42,7575.54
2019-10-24 00:00:00,7470.77,7512,7356,7435,4997.42,37210305.43,7445.9
2019-10-25 00:00:00,7427,8784.29,7393.14,8662.66,19113.8,157079122.1,8218.1
2019-10-26 00:00:00,8677.09,10350,8642.46,9252.75,38751.8,364431123.25,9404.24
2019-10-27 00:00:00,9262.72,9819.92,9092.66,9557.08,17783.03,169009332.26,9503.97
2019-10-28 00:00:00,9547.32,9950,9177.84,9216.44,14722.02,139923976.28,9504.4
2019-10-29 00:00:00,9216.39,9573.35,9051.48,9426.94,9059.61,85007062.39,9383.08
2019-10-30 00:00:00,9426.94,9437.06,8985.25,9159.94,8814.44,80752701.08,9161.41
2019-10-31 00:00:00,9169.55,9438.61,8961.53,9150.07,10113.16,92792853.95,9175.46
2019-11-01 00:00:00,9158.08,9303.53,9054.6,9250.45,6640.55,60832091.54,9160.7
2019-11-02 00:00:00,9250.7,9396.91,9201.19,9304.75,2701.14,25075118.41,9283.17
2019-11-03 00:00:00,9304.75,9384.32,9067,9207,2539.22,23311544.34,9180.6
2019-11-04 00:00:00,9207,9586.5,9122.33,9410.76,4962.44,46348340.77,9339.82
2019-11-05 00:00:00,9410.76,9485,9165.2,9320.14,4979.58,46449230.61,9327.94
2019-11-06 00:00:00,9319.1,9448.19,9254.68,9344.78,4670.23,43617190.04,9339.4
2019-11-07 00:00:00,9346.02,9373.48,9080,9199.36,3975.98,36653215.87,9218.67
2019-11-08 00:00:00,9209.3,9253.39,8661,8767.37,9699.75,86368731.97,8904.23
2019-11-09 00:00:00,8760.38,8876.94,8720,8812.21,2271.52,20011709.54,8809.84
2019-11-10 00:00:00,8806.85,9142.33,8750.85,9024.49,2663.28,23900855.54,8974.22
2019-11-11 00:00:00,9029.88,9075.32,8593,8720.36,6392.98,55913644.29,8746.11
2019-11-12 00:00:00,8720.36,8872.47,8549,8813.91,4721.91,41173319.74,8719.64
2019-11-13 00:00:00,8817,8839.46,8700,8755.24,3185.82,27877490.14,8750.49
2019-11-14 00:00:00,8765.53,8791.78,8555,8636.9,3412.81,29480031.56,8638.06
2019-11-15 00:00:00,8632.07,8799.03,8363,8463.49,5213.7,44596817.59,8553.77
2019-11-16 00:00:00,8459.38,8539.53,8423,8484.63,1180.57,10004652.28,8474.4
2019-11-17 00:00:00,8485.61,8631.6,8375,8499.31,2074.01,17668226.91,8518.88
2019-11-18 00:00:00,8499.53,8508.4,8010.7,8170.65,4825.66,40088282.11,8307.32
2019-11-19 00:00:00,8176.9,8197.77,7989.15,8121.63,4412.39,35731334.2,8097.95
2019-11-20 00:00:00,8124.08,8231.04,8027.28,8088.44,2996.01,24265795.69,8099.38
2019-11-21 00:00:00,8085.54,8116.92,7394.09,7611.51,9375,72431853.92,7726.06
2019-11-22 00:00:00,7612.23,7714.7,6785,7285.85,20120.15,144885449.41,7201.01
2019-11-23 00:00:00,7276.21,7356.49,7102.16,7320.39,5550.47,40106431.41,7225.77
2019-11-24 00:00:00,7330.98,7349.68,6861.96,6908.36,6047.02,42914524.55,7096.81
2019-11-25 00:00:00,6900.9,7380,6515,7122.14,18716.6,129366591.36,6911.86
2019-11-26 00:00:00,7127.12,7344.91,7018.78,7159.22,7643.85,54566242.21,7138.58
2019-11-27 00:00:00,7168.74,7676.27,6847.72,7527.84,15156.99,110349122.51,7280.41
2019-11-28 00:00:00,7517.82,7659.92,7372.19,7436.72,6925.58,52090533.13,7521.46
2019-11-29 00:00:00,7429.32,7870.35,7411.17,7753.69,7658.87,58602440.28,7651.58
2019-11-30 00:00:00,7753.69,7815,7452.08,7550.67,5446.27,41571365.44,7632.99
2019-12-01 00:00:00,7560.2,7560.2,7233.87,7412.66,5477.97,40318302.94,7360.08
2019-12-02 00:00:00,7411.75,7431.07,7140.08,7309.64,4324.3,31520978.02,7289.27
2019-12-03 00:00:00,7317.94,7415,7238.04,7300.43,2552.2,18683808.38,7320.66
2019-12-04 00:00:00,7299.2,7772.71,7087.09,7197.78,7737.39,56881650.2,7351.53
2019-12-05 00:00:00,7199.58,7500,7150.06,7390.42,4641.76,34104243.99,7347.27
2019-12-06 00:00:00,7397.35,7618.99,7305.56,7541.79,4167.24,31009940.79,7441.36
2019-12-07 00:00:00,7535.46,7638.88,7486.7,7502.65,2034.57,15354337.77,7546.71
2019-12-08 00:00:00,7505.86,7580,7382.69,7524.26,1798.77,13485555.31,7497.1
2019-12-09 00:00:00,7516.8,7666,7268.03,7340.52,6582.47,48984901.86,7441.72
2019-12-10 00:00:00,7332.05,7400,7150.23,7216.07,4090.62,29794651.28,7283.65
2019-12-11 00:00:00,7224.5,7271,7122.28,7207.42,3419.94,24643079.62,7205.71
2019-12-12 00:00:00,7208.95,7296.19,7072.2,7188.42,4376.89,31435190.58,7182.09
2019-12-13 00:00:00,7185.15,7302.35,7179.65,7257.47,3178.08,22970960.45,7227.94
2019-12-14 00:00:00,7255.94,7269,7007.48,7059.03,2012.35,14334264.59,7123.15
2019-12-15 00:00:00,7066.35,7225.23,7007,7115.08,1848.35,13129364.52,7103.31
2019-12-16 00:00:00,7115.08,7147.91,6820,6882.19,5923.06,41353720.35,6981.82
2019-12-17 00:00:00,6882.08,6938.77,6550,6612.3,7107.26,47895327.08,6738.93
2019-12-18 00:00:00,6619.53,7449.68,6425,7286.91,12873.63,87907793.92,6828.51
2019-12-19 00:00:00,7286.91,7372.12,7000,7149.57,5936.56,42356210.92,7134.81
2019-12-20 00:00:00,7157.53,7218.11,7072.61,7194.11,3201.66,22903428.01,7153.6
2019-12-21 00:00:00,7194.13,7194.13,7109.73,7147.4,1689.08,12063083.6,7141.8
2019-12-22 00:00:00,7147.4,7530,7124.52,7509.7,3796.23,27923854.9,7355.69
2019-12-23 00:00:00,7521.88,7692.98,7247.86,7316.17,6710.77,50266006.27,7490.35
2019-12-24 00:00:00,7317.47,7431.1,7156,7251.52,4194.59,30637380.18,7304.02
2019-12-25 00:00:00,7247.45,7266.81,7110.73,7195.79,1504.53,10824576.03,7194.67
2019-12-26 00:00:00,7195.8,7432,7150,7188.3,3116.75,22627576.21,7260
2019-12-27 00:00:00,7195.17,7255.37,7052,7246,4024.57,28884846.43,7177.12
2019-12-28 00:00:00,7247.7,7349.65,7231,7296.24,1579.7,11528551.51,7297.92
2019-12-29 00:00:00,7297.43,7524.46,7274.43,7385.54,2583.85,19120178.74,7399.88
2019-12-30 00:00:00,7372.79,7384.9,7199,7220.24,3722.91,27106970.23,7281.12
2019-12-31 00:00:00,7222.74,7302.35,7112.55,7168.36,2638.69,18984547.33,7194.68
2020-01-01 00:00:00,7160.69,7237.35,7150,7178.68,1119.11,8052270.93,7195.25
2020-01-02 00:00:00,7174.7,7184.94,6900,6950.56,3972.71,27928978.29,7030.21
2020-01-03 00:00:00,6945.7,7402.31,6853.53,7338.91,8072.73,58367332.83,7230.19
2020-01-04 00:00:00,7332.58,7396.1,7256.03,7344.48,3256.74,23825437.64,7315.74
2020-01-05 00:00:00,7356.05,7495,7310,7356.7,2707.27,20108463.48,7427.57
2020-01-06 00:00:00,7352.12,7817,7342.46,7762.74,6728.28,51148366.7,7601.99
2020-01-07 00:00:00,7768.17,8220,7697.03,8159.01,12158.32,96360835.32,7925.5
2020-01-08 00:00:00,8151.79,8463.57,7872.09,8044.44,11913.23,97929528.57,8220.23
2020-01-09 00:00:00,8048.94,8048.94,7737.97,7806.78,5957.24,47018267.8,7892.62
2020-01-10 00:00:00,7812.7,8200,7667,8200,8999.99,71487988.31,7943.12
2020-01-11 00:00:00,8200,8286,8000,8016.22,3788.33,30769860.95,8122.28
2020-01-12 00:00:00,8008.1,8190,7960,8180.76,2056.09,16671798.24,8108.51
2020-01-13 00:00:00,8180.75,8196.81,8039,8105.01,4011.44,32494162.71,8100.38
2020-01-14 00:00:00,8105.01,8895,8105.01,8813.04,17009.43,146225207.42,8596.71
2020-01-15 00:00:00,8813.2,8903.2,8555,8809.17,8606.88,75401269.55,8760.58
2020-01-16 00:00:00,8810.62,8852.35,8573.91,8710.15,6713.26,58128480.46,8658.76
2020-01-17 00:00:00,8715.39,9015.22,8661.52,8892.63,9363.16,83202108.28,8886.12
2020-01-18 00:00:00,8898.03,9000.1,8798.9,8908.53,3678.01,32722278.87,8896.74
2020-01-19 00:00:00,8901.02,9188.1,8461.38,8696.6,8785.45,77156049.64,8782.25
2020-01-20 00:00:00,8698.97,8740.54,8507.93,8625.17,4420.2,38176413.57,8636.81
2020-01-21 00:00:00,8629.66,8778.66,8480,8717.89,3394.69,29315872.02,8635.8
2020-01-22 00:00:00,8728.47,8792.98,8567.68,8655.93,3143.81,27226881.83,8660.47
2020-01-23 00:00:00,8661.63,8665.95,8280,8378.44,8611.01,72408778.79,8408.86
2020-01-24 00:00:00,8382.08,8530.7,8212.9,8422.13,6430.43,53848152.42,8373.96
2020-01-25 00:00:00,8435.83,8437.47,8252.72,8329.5,2812.79,23426249.24,8328.47
2020-01-26 00:00:00,8320,8600,8276.22,8590.48,6340.59,53453535.6,8430.38
2020-01-27 00:00:00,8600,9004.35,8546.55,8894.54,9619.77,84430635.62,8776.78
2020-01-28 00:00:00,8894.57,9413.24,8876,9400,9565.56,86973753.2,9092.39
2020-01-29 00:00:00,9386.57,9443.96,9215.5,9289.18,6481.92,60511710.82,9335.47
2020-01-30 00:00:00,9280.83,9570,9166.07,9500,7945.16,74656133.86,9396.43
2020-01-31 00:00:00,9510.84,9529.35,9195.93,9327.85,5009.62,46781868.72,9338.4
2020-02-01 00:00:00,9339.26,9464.16,9280.33,9377.17,1669,15647313.66,9375.25
2020-02-02 00:00:00,9379.6,9474.28,9135,9329.39,3015.79,28176260.6,9342.91
2020-02-03 00:00:00,9309.69,9615,9211.07,9288.09,4758.13,44541630.34,9361.16
2020-02-04 00:00:00,9281,9348.6,9075,9159.37,4867.23,44773399.1,9198.96
2020-02-05 00:00:00,9168.49,9775,9142.52,9618.42,8063.97,76512667.13,9488.22
2020-02-06 00:00:00,9617.84,9859.57,9521,9754.63,7554.49,73394159.76,9715.3
2020-02-07 00:00:00,9754.63,9878,9706.94,9803.42,4013.49,39274637.38,9785.65
2020-02-08 00:00:00,9803.71,9948.97,9658.58,9902,3268.74,32063962.56,9809.29
2020-02-09 00:00:00,9907.7,10178.54,9885.04,10173.97,4830.34,48619500.95,10065.45
2020-02-10 00:00:00,10173.51,10199.85,9731.2,9850.01,7560.67,74963300.95,9914.9
2020-02-11 00:00:00,9851.99,10383.9,9706.94,10268.98,8127.6,81821348.98,10067.1
2020-02-12 00:00:00,10270.98,10495,10247.35,10348.78,6553.41,67795650.93,10345.1
2020-02-13 00:00:00,10348.78,10500.5,10068,10228.67,9347.45,95971600.41,10267.14
2020-02-14 00:00:00,10229.19,10398,10093.26,10364.04,6190.38,63465786.55,10252.33
2020-02-15 00:00:00,10364.04,10408.04,9739,9899.78,5762.31,57929002.53,10053.09
2020-02-16 00:00:00,9909.71,10051.24,9598.49,9912.89,4133.48,40778597.95,9865.45
2020-02-17 00:00:00,9925.96,9973.45,9467.57,9697.15,5913.2,57252913.03,9682.21
2020-02-18 00:00:00,9725.57,10288,9602.6,10185.17,6754.35,67153716.79,9942.29
2020-02-19 00:00:00,10190.3,10300,9312,9595.72,9936.82,98785031.86,9941.31
2020-02-20 00:00:00,9589.1,9706.27,9396.91,9612.76,6608.49,63258478.74,9572.3
2020-02-21 00:00:00,9610.4,9773.2,9562.6,9696.13,4271.47,41404137.04,9693.18
2020-02-22 00:00:00,9696.13,9722.39,9568.51,9668.13,2096.56,20253010.07,9660.1
2020-02-23 00:00:00,9664.08,10024.08,9664.08,9965.21,3329.22,32927432.12,9890.42
2020-02-24 00:00:00,9969.79,10027.66,9480,9652.58,5877.01,57123425.65,9719.81
2020-02-25 00:00:00,9664.87,9682.73,9234.21,9305.4,6280,59384596.89,9456.14
2020-02-26 00:00:00,9305.4,9369.99,8627.78,8779.36,11564.2,103821757.03,8977.86
2020-02-27 00:00:00,8778.37,8974.75,8520,8816.5,9273.9,81515059.44,8789.72
2020-02-28 00:00:00,8816.5,8900.94,8421.49,8703.84,6546.98,56592181.78,8644.01
2020-02-29 00:00:00,8710,8805.06,8525,8527.74,2338.07,20286638.54,8676.67
2020-03-01 00:00:00,8525,8756.11,8410,8528.95,4156.57,35511261.83,8543.4
2020-03-02 00:00:00,8516,8980.34,8486.72,8917.34,6186.86,54353354.13,8785.29
2020-03-03 00:00:00,8917.34,8921.8,8660.04,8755.45,4629.97,40663925.38,8782.76
2020-03-04 00:00:00,8755.45,8850,8663.76,8753.28,3353.23,29341557.58,8750.23
2020-03-05 00:00:00,8757.79,9169,8757.79,9066.65,6448.69,58265604.82,9035.27
2020-03-06 00:00:00,9059,9187.85,8990.01,9153.79,4136.42,37642647.03,9100.29
2020-03-07 00:00:00,9154.1,9219.13,8859.49,8893.93,2805.59,25374792.8,9044.36
2020-03-08 00:00:00,8901.12,8901.12,7995.48,8033.7,9068.89,76135548.37,8395.24
2020-03-09 00:00:00,8035.79,8191.13,7636,7936.25,12177.39,95866831.83,7872.52
2020-03-10 00:00:00,7937.2,8158.42,7733.99,7885.92,8274.95,65746742.7,7945.27
2020-03-11 00:00:00,7893.63,7988.78,7591.99,7934.57,7289.61,56863822.03,7800.67
2020-03-12 00:00:00,7956.29,7969.9,4776.59,4841.67,58513.39,360210571.57,6156.04
2020-03-13 00:00:00,4841.67,5990.35,3850,5622.74,54419.64,284267182.43,5223.61
2020-03-14 00:00:00,5623.16,5663.01,5051,5169.37,15370.87,82874138.92,5391.64
2020-03-15 00:00:00,5167.38,5965.77,5092.34,5343.64,16589.3,89752311.59,5410.25
2020-03-16 00:00:00,5353.04,5353.04,4435.89,5033.42,34905.46,170219112.51,4876.58
2020-03-17 00:00:00,5051.41,5569.9,4936,5324.99,17517.84,93134794.19,5316.57
2020-03-18 00:00:00,5340.95,5452.43,5006.87,5406.92,22559.23,118551265.57,5255.11
2020-03-19 00:00:00,5413,6433.98,5266.38,6181.18,24783.73,146253518.53,5901.19
2020-03-20 00:00:00,6192.94,7139,5670,6210.14,30082.5,193439601.27,6430.3
2020-03-21 00:00:00,6207.66,6461.91,5866.44,6187.78,11796.73,72583889.46,6152.88
2020-03-22 00:00:00,6199.17,6419,5705,5813.15,10813.38,65253784.14,6034.54
2020-03-23 00:00:00,5816.57,6629.79,5686.34,6493.51,19053.8,118385188.51,6213.2
2020-03-24 00:00:00,6494.7,6893,6400.01,6768.64,19719.09,131376646.8,6662.41
2020-03-25 00:00:00,6768.64,6989.04,6457.17,6692.22,16675.74,111416237.44,6681.34
2020-03-26 00:00:00,6695.47,6798.89,6528.07,6760.72,7393.71,49294382.86,6667.07
2020-03-27 00:00:00,6765.15,6872.67,6210,6376.03,10816.29,71901745.73,6647.55
2020-03-28 00:00:00,6376.03,6376.03,6030.51,6253.08,11613.49,72147462.54,6212.38
2020-03-29 00:00:00,6275.11,6278.24,5869,5870.9,9298.94,56233063.89,6047.26
2020-03-30 00:00:00,5878.47,6630,5856,6407.77,14974.44,94589749.29,6316.75
2020-03-31 00:00:00,6408.95,6527.24,6337.42,6421.14,6342.3,40889445.98,6447.1
2020-04-01 00:00:00,6428.74,6710.21,6137.71,6652.07,11319.15,71960130.69,6357.38
2020-04-02 00:00:00,6669.95,7236.39,6575.13,6801.99,17212.82,117398261.41,6820.4
2020-04-03 00:00:00,6789.63,7047.96,6610,6742.57,10570.11,72358605.3,6845.59
2020-04-04 00:00:00,6737.36,7014,6655.54,6879.61,6018.52,40962523.5,6806.08
2020-04-05 00:00:00,6887.22,6914.01,6678.51,6775.2,3981.98,27031800.42,6788.54
2020-04-06 00:00:00,6780.57,7376.59,6773.75,7352.43,13683.04,97422008.84,7119.91
2020-04-07 00:00:00,7335.85,7469,7077,7202.73,11669.01,85195615.03,7301.01
2020-04-08 00:00:00,7204.78,7428.95,7152,7367.36,8720.21,63711657.24,7306.21
2020-04-09 00:00:00,7370.85,7376.59,7107.38,7293.93,8324.92,60735239.87,7295.59
2020-04-10 00:00:00,7299.12,7306.1,6750.15,6877.03,10727.87,74421521.65,6937.22
2020-04-11 00:00:00,6866.03,6955.59,6771.24,6883.18,3326.67,22836390.23,6864.63
2020-04-12 00:00:00,6882.75,7201.76,6790.74,6908.24,7264.52,51063776.08,7029.2
2020-04-13 00:00:00,6908.21,6914.01,6542.91,6864.22,10837.57,73070898.94,6742.37
2020-04-14 00:00:00,6864.66,6991,6766.96,6879.75,7275.69,50059446.72,6880.37
2020-04-15 00:00:00,6868.88,6940,6598.55,6619,8109.73,54918729.97,6771.95
2020-04-16 00:00:00,6619,7224.18,6472.67,7111.67,15726.7,109502622.67,6962.85
2020-04-17 00:00:00,7121.35,7158.22,6995.39,7024.19,8539.62,60386632.15,7071.35
2020-04-18 00:00:00,7020.13,7306.15,7020.13,7262.26,5102.5,36602893.61,7173.52
2020-04-19 00:00:00,7265.94,7276.21,7057.46,7126.4,4662.19,33388014.35,7161.44
2020-04-20 00:00:00,7124.27,7220,6757.75,6841,11365.01,79382776.01,6984.84
2020-04-21 00:00:00,6833,6950.98,6774.48,6854.98,5570.96,38214451.94,6859.59
2020-04-22 00:00:00,6850.6,7171.26,6819.59,7137.79,6273.41,44249617.74,7053.52
2020-04-23 00:00:00,7138.29,7756.69,7031.07,7484.58,14779.55,109374199.45,7400.38
2020-04-24 00:00:00,7494.2,7612.91,7391.57,7505.53,7357.11,55377242.13,7527.04
2020-04-25 00:00:00,7518.81,7723.77,7432.8,7547.56,3800.83,28741430.1,7561.89
2020-04-26 00:00:00,7565,7718,7485,7701.73,5247.54,39949338.76,7612.96
2020-04-27 00:00:00,7708.87,7813.68,7637.03,7786.41,6878.02,53067907.41,7715.58
2020-04-28 00:00:00,7794.22,7798.42,7650,7767.79,7248.96,55957597.43,7719.4
2020-04-29 00:00:00,7762.07,8970,7717.14,8790.32,26396.1,219862359.85,8329.35
2020-04-30 00:00:00,8789.79,9485.26,8407,8627.32,24057.74,214743005.89,8926.15
2020-05-01 00:00:00,8629.72,9075,8616.17,8832.44,11379.69,100246596.31,8809.26
2020-05-02 00:00:00,8836,9022,8760,8983.79,5524.27,49175891.32,8901.79
2020-05-03 00:00:00,8982.56,9207.82,8723.78,8915.98,9218.27,82923756.88,8995.58
2020-05-04 00:00:00,8924.14,8974.34,8528.42,8882.87,10018.97,87869078.41,8770.27
2020-05-05 00:00:00,8889.24,9120,8760.1,9034.85,9592.13,85676075.46,8931.91
2020-05-06 00:00:00,9040,9417.95,8921.03,9154.32,15110.94,139147123.7,9208.37
2020-05-07 00:00:00,9163.63,10074,9030.03,10000,25012.9,241313478.93,9647.56
2020-05-08 00:00:00,10008.19,10048.38,9725,9801.35,19203.48,190431352.84,9916.5
2020-05-09 00:00:00,9809.04,9914,9515.4,9546.56,11278.63,109506263.43,9709.18
2020-05-10 00:00:00,9527.31,9565.2,8109,8731.17,31639.43,274667237.43,8681.17
2020-05-11 00:00:00,8740.88,9182.97,8181,8571.98,34465.19,299207513.01,8681.44
2020-05-12 00:00:00,8574.19,8984.87,8534.97,8825.46,14010.26,123118461.28,8787.73
2020-05-13 00:00:00,8816.99,9418.46,8804.47,9315.5,12762.85,116070755.77,9094.42
2020-05-14 00:00:00,9323.73,9945.34,9254.85,9793.5,19936.19,192594447.17,9660.55
2020-05-15 00:00:00,9809.91,9844.66,9112,9306.21,17324.14,164450498.65,9492.56
2020-05-16 00:00:00,9307.43,9590,9216.08,9389.07,6170.1,58076014.31,9412.5
2020-05-17 00:00:00,9377.79,9894.88,9326.53,9665.7,9515.79,92332110.81,9703.04
2020-05-18 00:00:00,9672.95,9966.12,9451.2,9721.91,12362.33,120325308.22,9733.22
2020-05-19 00:00:00,9730,9903.89,9455.05,9787.65,12149.69,117603182.46,9679.52
2020-05-20 00:00:00,9776.3,9843.87,9100,9516.51,12351.43,118302861.45,9578.07
2020-05-21 00:00:00,9505.61,9573.29,8800,9062.47,16879.83,154720870.13,9166.02
2020-05-22 00:00:00,9062.25,9272.97,8924.91,9171.96,7261.28,66290367.84,9129.29
2020-05-23 00:00:00,9171.96,9316.12,9084.83,9183.46,3477.28,31965817.4,9192.77
2020-05-24 00:00:00,9183.93,9310.91,8669,8718.77,8855.48,79788785.68,9010.11
2020-05-25 00:00:00,8710.12,8984.16,8630,8903.56,8919.92,78497049.75,8800.19
2020-05-26 00:00:00,8903.22,9012,8690,8840.91,5923.01,52400584.28,8846.96
2020-05-27 00:00:00,8835.79,9230.21,8810.99,9210,6867.67,62443847.94,9092.43
2020-05-28 00:00:00,9209.99,9625.01,9105.79,9577.38,11523.41,108191478.21,9388.84
2020-05-29 00:00:00,9581.49,9610,9330,9421.04,7226.77,68321538.63,9453.95
2020-05-30 00:00:00,9428.52,9758.27,9326.28,9705.1,6781.84,64706290.97,9541.11
2020-05-31 00:00:00,9705.1,9711.7,9373.96,9446.19,5698,54324245.54,9533.92
2020-06-01 00:00:00,9444.61,10429.26,9416.5,10203.64,12109.14,119481686.45,9867.07
2020-06-02 00:00:00,10203.64,10241.26,9135.68,9525.73,22725.12,222782211.57,9803.35
2020-06-03 00:00:00,9522.52,9699.95,9380.99,9668.99,6928.76,66167333.67,9549.66
2020-06-04 00:00:00,9668,9888,9430,9791.92,8938.77,86806501.29,9711.24
2020-06-05 00:00:00,9791,9856.48,9592.74,9619.99,7157.37,69598704.37,9724.06
2020-06-06 00:00:00,9616.17,9744.39,9525.76,9669.85,4047.27,38944240.62,9622.35
2020-06-07 00:00:00,9673.08,9829.31,9356,9750.04,6762.65,64865372.78,9591.71
2020-06-08 00:00:00,9759.04,9813.67,9645,9783,5379.08,52321749.26,9726.9
2020-06-09 00:00:00,9786.64,9897.46,9566.81,9776.84,6922.8,67296776.41,9721.04
2020-06-10 00:00:00,9782.3,10011.4,9578,9894.32,7107.2,69805944.46,9821.86
2020-06-11 00:00:00,9894.32,9981.24,9078.91,9264.26,16389.44,156090301.99,9523.83
2020-06-12 00:00:00,9265.95,9555,9230,9463.07,6934.14,65258966.27,9411.26
2020-06-13 00:00:00,9465.92,9500,9345.71,9473.46,2938.68,27705239.61,9427.78
2020-06-14 00:00:00,9478.93,9479.59,9235.01,9329.99,3477.25,32581551.05,9369.91
2020-06-15 00:00:00,9329.99,9505.4,8900,9435.15,11765.11,108092261.86,9187.52
2020-06-16 00:00:00,9435.41,9596.31,9374.9,9530.3,6864.22,65155250.36,9492.01
2020-06-17 00:00:00,9530.62,9566.53,9230.32,9461.29,5902.37,55634030.64,9425.72
2020-06-18 00:00:00,9459.82,9478.69,9250,9374.78,3997.01,37553641.92,9395.43
2020-06-19 00:00:00,9374.83,9429.99,9225.15,9304.32,5305.91,49452467.2,9320.27
2020-06-20 00:00:00,9287.6,9400,9138,9355.46,3071.79,28573341.43,9301.84
2020-06-21 00:00:00,9355.93,9421.26,9271.52,9283.03,1435.21,13411174.02,9344.39
2020-06-22 00:00:00,9287.89,9798.76,9267.2,9683.12,6615.65,63078286.44,9534.71
2020-06-23 00:00:00,9688.26,9725.3,9571,9622.81,4866.11,46909443.28,9640.02
2020-06-24 00:00:00,9617.88,9666.35,9193.99,9286.06,10072.58,94516911.2,9383.59
2020-06-25 00:00:00,9286.3,9343.49,8989,9239.48,8701.25,80007371.47,9194.93
2020-06-26 00:00:00,9237.98,9289.71,9024.61,9158.26,7912.38,72394589.37,9149.53
2020-06-27 00:00:00,9158.13,9189,8830.63,9009.3,4399.68,39682291.38,9019.37
2020-06-28 00:00:00,9008.33,9191.72,8933.06,9118.01,3231.86,29337702.62,9077.66
2020-06-29 00:00:00,9118.8,9240.36,9014.92,9188.88,4942.73,45004912.08,9105.28
2020-06-30 00:00:00,9187.85,9201.95,9060,9132.96,2781.63,25424763.41,9140.24
2020-07-01 00:00:00,9136.89,9300,9089.8,9233.38,4321.57,39791807.48,9207.73
2020-07-02 00:00:00,9230.97,9268.54,8939,9092.92,6866.05,62528364.8,9106.89
2020-07-03 00:00:00,9091.68,9127.11,9027.17,9063.08,3510,31905807.44,9089.96
2020-07-04 00:00:00,9053.87,9196,9045.94,9138.52,2180.37,19850822.9,9104.33
2020-07-05 00:00:00,9142.16,9147.37,8905,9076.82,3067.88,27761771.27,9049.18
2020-07-06 00:00:00,9077.18,9376.34,9060.5,9348.22,5361.35,49559304.52,9243.81
2020-07-07 00:00:00,9346.9,9385.81,9201.78,9257.16,4702.83,43560405.95,9262.6
2020-07-08 00:00:00,9257.21,9479.57,9228.91,9437.16,6275.55,58669357.69,9348.88
2020-07-09 00:00:00,9441.76,9448.5,9157.11,9234.9,4575.45,42541096.4,9297.69
2020-07-10 00:00:00,9234.91,9318.92,9053.14,9283.53,3910.33,35920454.04,9186.05
2020-07-11 00:00:00,9291,9304.95,9180,9238.3,1453.17,13418262.17,9233.82
2020-07-12 00:00:00,9234.07,9347.76,9153.48,9306.17,2037.15,18855332.75,9255.72
2020-07-13 00:00:00,9304.94,9351.17,9190.49,9233.1,3875.17,35960270.75,9279.66
2020-07-14 00:00:00,9234.19,9282.08,9095,9251.59,4479.91,41285831.29,9215.77
2020-07-15 00:00:00,9256.33,9276.98,9153.38,9190.07,3810.05,35100830.99,9212.7
2020-07-16 00:00:00,9191,9217.5,9026.51,9132.87,5541.85,50474457.26,9107.87
2020-07-17 00:00:00,9134.44,9184.28,9073.53,9156.5,3593.5,32814246.99,9131.56
2020-07-18 00:00:00,9150.51,9214.63,9122.72,9177.43,1358.29,12449177.45,9165.36
2020-07-19 00:00:00,9175.7,9243.36,9106.3,9211.99,1585.4,14518309.98,9157.51
2020-07-20 00:00:00,9213.15,9224.73,9128.21,9162.43,3064.81,28118444.21,9174.62
2020-07-21 00:00:00,9161.77,9442.89,9152.23,9391.25,5559.47,51926108.51,9340.11
2020-07-22 00:00:00,9395.98,9573,9280.8,9539.51,5520.76,51836755.69,9389.42
2020-07-23 00:00:00,9537.23,9690,9453.38,9617.2,10413.94,99406145.74,9545.49
2020-07-24 00:00:00,9614.85,9650.55,9474.35,9547.91,8012.91,76622832.6,9562.43
2020-07-25 00:00:00,9549.34,9751.82,9532.79,9710.98,5065.45,48814031.53,9636.66
2020-07-26 00:00:00,9712.45,10200,9657,9944.65,9090.21,90135501.79,9915.66
2020-07-27 00:00:00,9941.25,11417.11,9933.77,11046.19,27736.83,292753089.6,10554.67
2020-07-28 00:00:00,11049.4,11263.85,10583.48,10939.27,17062.37,187091285.1,10965.14
2020-07-29 00:00:00,10931.91,11358.47,10855.81,11111.17,12452.86,138589548.02,11129.13
2020-07-30 00:00:00,11105.01,11189,10832,11112.12,10456.85,115275100.38,11023.89
2020-07-31 00:00:00,11110.84,11457.95,10973.8,11356.74,10417.51,117100831.15,11240.77
2020-08-01 00:00:00,11357.98,11883.36,11228,11817.49,11195.81,130224577.62,11631.55
2020-08-02 00:00:00,11808.21,12100,10559.59,11071.66,12656.41,142785762.42,11281.69
2020-08-03 00:00:00,11074.92,11480,10933.26,11236.39,6984.67,78813104.71,11283.73
2020-08-04 00:00:00,11236.39,11420,11000.79,11192.42,5522.11,61940578.47,11216.83
2020-08-05 00:00:00,11193.48,11795.86,11094.35,11755.24,7514.79,86847559.79,11556.88
2020-08-06 00:00:00,11759.9,11913.5,11575.57,11770.08,9855.99,115864299.62,11755.72
2020-08-07 00:00:00,11770.26,11920,11219,11600.85,10503.36,122342727.37,11647.96
2020-08-08 00:00:00,11601.75,11817.95,11527,11776.9,3983.75,46582799.67,11693.21
2020-08-09 00:00:00,11767.93,11808.28,11527.92,11683.03,2649.49,30909847.9,11666.34
2020-08-10 00:00:00,11684.6,12080,11510,11895.12,7701.73,91514254.01,11882.3
2020-08-11 00:00:00,11896.37,11945.05,11130,11392.64,10470.69,120956546.54,11551.92
2020-08-12 00:00:00,11386.5,11625,11150,11565.35,5668.6,64989838.17,11464.88
2020-08-13 00:00:00,11567.74,11806.61,11270.91,11793.26,6839.55,78891169.32,11534.55
2020-08-14 00:00:00,11797.55,11862,11652.01,11779.77,5526.8,64934759.24,11749.08
2020-08-15 00:00:00,11771.97,11986.93,11667.7,11852.2,3983.18,47294347.31,11873.53
2020-08-16 00:00:00,11858.6,11938.55,11685.97,11914.02,2494.17,29525249.63,11837.71
2020-08-17 00:00:00,11916.83,12473,11771.44,12298.38,9778.33,118965074.54,12166.2
2020-08-18 00:00:00,12301.27,12408.53,11823,11958.1,8818.19,106555723.86,12083.63
2020-08-19 00:00:00,11950,12022.18,11574.4,11757.55,9401.5,110701736.98,11774.9
2020-08-20 00:00:00,11762.18,11894.12,11675.29,11859.37,4191.76,49473772.45,11802.63
2020-08-21 00:00:00,11857.18,11887.67,11485.49,11531.74,6391.18,74905546.02,11720.14
2020-08-22 00:00:00,11527.81,11694.02,11367,11667.7,3401.42,39269409.68,11545
2020-08-23 00:00:00,11678.17,11715.09,11524.7,11644.65,1632.87,18977422.92,11622.12
2020-08-24 00:00:00,11653.7,11832.55,11588.61,11761.8,2887.06,33911948.54,11746.2
2020-08-25 00:00:00,11750.4,11772.22,11112.75,11328.88,7073.69,80762613.33,11417.32
2020-08-26 00:00:00,11328.5,11549.8,11250.14,11469.3,4273.08,48637801.86,11382.38
2020-08-27 00:00:00,11462.91,11602.92,11122.72,11330,7796.16,88467523.2,11347.58
2020-08-28 00:00:00,11332.26,11555.61,11277.95,11536.58,6046.5,69254870.55,11453.72
2020-08-29 00:00:00,11538.74,11592,11423.64,11471.71,2095.94,24123105.95,11509.47
2020-08-30 00:00:00,11471.71,11715.69,11458.62,11708.97,2328.66,27068361.45,11624.02
2020-08-31 00:00:00,11713.11,11780,11573.39,11655,4534.22,52999207.96,11688.72
2020-09-01 00:00:00,11658.48,12065.82,11515,11923.96,7960.82,94697974.81,11895.5
2020-09-02 00:00:00,11919.53,11956.45,11155.32,11398.44,13056.07,149589893.22,11457.5
2020-09-03 00:00:00,11395.1,11477.35,9987.86,10160,18554.73,199600735.77,10757.4
2020-09-04 00:00:00,10160,10646.75,9902.43,10456.32,17415.36,180567453.37,10368.29
2020-09-05 00:00:00,10460.2,10567.9,9850,10167.19,12165.47,124026091.02,10194.93
2020-09-06 00:00:00,10165.47,10353.39,10000,10260.17,5121.25,52194906.94,10191.83
2020-09-07 00:00:00,10258.43,10415.66,9880,10377.14,8725.09,88189272.89,10107.55
2020-09-08 00:00:00,10377.5,10446.18,9825.07,10123.96,10560.87,106644193.93,10098.05
2020-09-09 00:00:00,10126.01,10353.39,9981.38,10232.8,5872.22,59881808.62,10197.47
2020-09-10 00:00:00,10221.76,10495.75,10220,10342.59,10223.19,105719876.58,10341.18
2020-09-11 00:00:00,10341.38,10409.44,10200.5,10393.04,5245.74,54033653.85,10300.48
2020-09-12 00:00:00,10400.46,10482.42,10275,10443.33,2509.24,26026019.88,10372.07
2020-09-13 00:00:00,10446.4,10576.78,10214.9,10334.78,4325.11,44764868.74,10350.01
2020-09-14 00:00:00,10338.82,10765.03,10250.13,10675.15,7325.23,77266025.82,10547.93
2020-09-15 00:00:00,10671.4,10940.01,10611.17,10783.83,6456.66,69707532.15,10796.22
2020-09-16 00:00:00,10785,11100,10662.81,10951.54,8300.24,90789916.42,10938.23
2020-09-17 00:00:00,10950.15,11054,10739.23,10940.47,5525.72,60068052.25,10870.63
2020-09-18 00:00:00,10947.35,11040.18,10816.54,10931.2,4398.92,48037947.48,10920.38
2020-09-19 00:00:00,10935.49,11183.01,10890.53,11077.22,2253.35,24883441.33,11042.86
2020-09-20 00:00:00,11070.84,11079.25,10755.9,10923.5,3250.02,35438004.62,10903.94
2020-09-21 00:00:00,10921.53,10996.98,10286.56,10411.29,9948.02,105170547.94,10572.01
2020-09-22 00:00:00,10418.83,10573.05,10353.39,10534.31,4800.6,50241913.21,10465.76
2020-09-23 00:00:00,10525.72,10541.39,10138.3,10233.42,5711.36,59279113.12,10379.16
2020-09-24 00:00:00,10236.86,10795.53,10193.2,10744.02,6703.92,70427765.15,10505.46
2020-09-25 00:00:00,10738.46,10762.65,10553.14,10689.81,6346.72,67663104.89,10661.11
2020-09-26 00:00:00,10694.23,10830,10655.29,10729.09,2550.32,27347735.93,10723.27
2020-09-27 00:00:00,10731.09,10807.14,10593.58,10780.66,2286.86,24496017.09,10711.63
2020-09-28 00:00:00,10779.99,10950,10628.52,10689.48,4991.57,54261165.88,10870.56
2020-09-29 00:00:00,10681.41,10865,10636.66,10836.42,4029.39,43240291.78,10731.22
2020-09-30 00:00:00,10840,10847.5,10658.56,10778.22,4304.62,46247317.6,10743.64
2020-10-01 00:00:00,10780.83,10940.22,10437.08,10622.71,8678.35,92766078.67,10689.37
2020-10-02 00:00:00,10611.17,10667.53,10380,10578.54,8333.46,87627773.65,10515.17
2020-10-03 00:00:00,10571.6,10605.79,10500,10553.66,1134.8,11975845.62,10553.29
2020-10-04 00:00:00,10543.17,10699.88,10524.81,10669.63,1057.78,11238120.45,10624.3
2020-10-05 00:00:00,10666.16,10805.82,10620.71,10795,3618.02,38756784.1,10712.17
2020-10-06 00:00:00,10797.36,10801.86,10525,10606.33,4800.7,51103858.73,10645.1
2020-10-07 00:00:00,10602.31,10682.56,10547.71,10669.14,5560.25,59068239.87,10623.31
2020-10-08 00:00:00,10669.1,10957,10535.06,10925.2,6969.04,75109562.94,10777.6
2020-10-09 00:00:00,10927.02,11118.49,10826.4,11052,5355.34,58978316.71,11012.99
2020-10-10 00:00:00,11060.46,11496.06,11059.62,11301.2,3270.37,37090500.87,11341.38
2020-10-11 00:00:00,11300.97,11447.44,11272.11,11372.93,2177.65,24760115.52,11370.1
2020-10-12 00:00:00,11372.48,11731.7,11175.99,11535.98,7088.23,81272304.47,11465.81
2020-10-13 00:00:00,11539.42,11567.4,11314.53,11427.98,5097.96,58286126.94,11433.22
2020-10-14 00:00:00,11440.28,11555.1,11287.42,11428.84,3788.25,43215383.86,11407.74
2020-10-15 00:00:00,11430.49,11623.6,11250.01,11511.11,4864.43,55519244.9,11413.31
2020-10-16 00:00:00,11506.53,11548.65,11200,11321.86,4309.22,48847324.61,11335.53
2020-10-17 00:00:00,11331.88,11415.48,11264.01,11365.8,1124.42,12751808.46,11340.79
2020-10-18 00:00:00,11363.4,11526.34,11352.79,11519.97,1047.17,11987530.53,11447.56
2020-10-19 00:00:00,11518.58,11840,11409.94,11764.14,5459.93,63658430.8,11659.19
2020-10-20 00:00:00,11759.2,12059.94,11680,11921.11,5859.84,69612470.31,11879.59
2020-10-21 00:00:00,11921.33,13235,11899.1,12802.67,20093.61,252863284.87,12584.26
2020-10-22 00:00:00,12802.63,13208.25,12686.73,12983.26,9277.56,120267676.23,12963.28
2020-10-23 00:00:00,12983.26,13037.26,12729.82,12941.59,4996.4,64526705.98,12914.65
2020-10-24 00:00:00,12940.03,13182.83,12887.38,13122.73,2820.82,36821705.67,13053.53
2020-10-25 00:00:00,13115.18,13363.53,12903.74,13039.09,3658.6,47845374.45,13077.5
2020-10-26 00:00:00,13041.12,13250,12773.5,13066.73,5725.2,74788651.05,13063.07
2020-10-27 00:00:00,13065.1,13788,13057.09,13647.9,11242.75,151171567.91,13446.13
2020-10-28 00:00:00,13642.31,13864.89,12892,13274.73,10670.86,142691342.5,13372.05
2020-10-29 00:00:00,13275.82,13650,12993,13468.44,8894.96,118490203.35,13321.05
2020-10-30 00:00:00,13456.14,13675.56,13129.26,13562.13,8981.12,120405656.89,13406.53
2020-10-31 00:00:00,13569.42,14100,13420.97,13816.08,6337.39,87241558.79,13766.16
2020-11-01 00:00:00,13799.44,13907.47,13629.31,13762,2534.09,34875344.36,13762.5
2020-11-02 00:00:00,13762,13842.5,13220,13563.72,7065.41,95702657.74,13545.24
2020-11-03 00:00:00,13578.82,14083.76,13287.7,14041.58,7225.87,98510026.22,13632.97
2020-11-04 00:00:00,14041.58,14277.5,13520.87,14160.59,10926.33,151965232.2,13908.17
2020-11-05 00:00:00,14168.49,15770.58,14100,15605.04,18422.63,275183510.53,14937.25
2020-11-06 00:00:00,15608.32,15968.98,15196.01,15598.09,13479.47,209882776.61,15570.55
2020-11-07 00:00:00,15603.28,15778.6,14351,14838.97,10933.92,164850613.39,15076.99
2020-11-08 00:00:00,14829.32,15664.9,14727.19,15489.15,5046.5,76984757.68,15255.08
2020-11-09 00:00:00,15484.68,15854.48,14824.66,15332.04,14466.08,222261730.9,15364.34
2020-11-10 00:00:00,15349.32,15482.76,15092.47,15313.65,8966.48,137414341.91,15325.34
2020-11-11 00:00:00,15314.94,15991.01,15290.85,15707.89,10013.26,156732759.25,15652.51
2020-11-12 00:00:00,15702,16369.99,15481,16300,16261.47,259198499.72,15939.42
2020-11-13 00:00:00,16300,16494.52,15970.33,16335.58,7843.22,127681269.23,16279.18
2020-11-14 00:00:00,16339.06,16341.89,15715.1,16086.34,5046.33,80655331.91,15982.98
2020-11-15 00:00:00,16092.8,16170,15786.46,15975.49,3225.71,51544809.35,15979.39
2020-11-16 00:00:00,15975.49,16894.93,15875.5,16724.62,7511.71,123266891.1,16409.95
2020-11-17 00:00:00,16727.85,17868,16570,17680.63,9824.74,169577027.74,17260.21
2020-11-18 00:00:00,17681.77,18483,17041.47,17785.95,15717.92,280945357.61,17874.21
2020-11-19 00:00:00,17792.96,18189.97,17346.62,17825.47,10506.7,186936815.96,17792.16
2020-11-20 00:00:00,17822.37,18824.88,17755.81,18687.65,10020.01,184068115.5,18370.05
2020-11-21 00:00:00,18685.08,18977,18333.45,18725,5937.51,111093107.9,18710.4
2020-11-22 00:00:00,18726.43,18770.55,17600,18435.2,6417.22,117382677.73,18291.83
2020-11-23 00:00:00,18432.6,18786.31,18001.95,18383.35,9412.09,173587680.28,18443.06
2020-11-24 00:00:00,18386.92,19442.13,18068.56,19160.85,13262.83,251204225.16,18940.47
2020-11-25 00:00:00,19175.13,19490,18470.91,18732.43,8962.62,170770460.46,19053.63
2020-11-26 00:00:00,18727.24,18911.04,16218,17160.09,21424.99,367461144.57,17151.06
2020-11-27 00:00:00,17168.31,17471.89,16435.47,17154.39,8964.83,151877681.86,16941.5
2020-11-28 00:00:00,17160.38,17896.03,16875.01,17741.79,4471.52,77855085.76,17411.32
2020-11-29 00:00:00,17724.41,18352.47,17534.87,18192.03,3736.16,67393875.41,18038.28
2020-11-30 00:00:00,18196.75,19864.15,18196.75,19700.19,10612.67,202854958.36,19114.41
2020-12-01 00:00:00,19703.53,19918.01,18100,18771.43,11799.59,225745303.6,19131.62
2020-12-02 00:00:00,18773.21,19346.9,18334,19226.55,6749.36,127787962.16,18933.33
2020-12-03 00:00:00,19220.09,19621,18881.62,19448.4,6196.53,119698552.79,19317.04
2020-12-04 00:00:00,19439.94,19552.5,18573.89,18673.76,6261.7,119320703.11,19055.65
2020-12-05 00:00:00,18650.08,19185.17,18500,19162.16,2376.72,45099564.95,18975.52
2020-12-06 00:00:00,19162.17,19418.39,18870.62,19380.58,2503.45,47970667.29,19161.79
2020-12-07 00:00:00,19385.13,19431,18905,19173.5,4323.27,82914592.37,19178.67
2020-12-08 00:00:00,19183.13,19300.55,18163.52,18316.43,5979.97,112420360.67,18799.5
2020-12-09 00:00:00,18311.31,18654.92,17640.33,18556.64,8906.95,162438255.41,18237.26
2020-12-10 00:00:00,18546.38,18562.13,17908,18250.3,6784.46,123858294.23,18256.19
2020-12-11 00:00:00,18250.3,18290.43,17569.58,18040.02,6687.92,119696677.08,17897.44
2020-12-12 00:00:00,18031.23,18956.46,18022.55,18815.63,3515.33,65052423.89,18505.37
2020-12-13 00:00:00,18806.83,19416.64,18628.1,19162.36,4251.96,81378675.48,19139.09
2020-12-14 00:00:00,19151.82,19346.9,18979.21,19274.33,3618.38,69353305.92,19166.97
2020-12-15 00:00:00,19274.33,19567.84,19050,19434.87,6750.77,130572007.93,19341.79
2020-12-16 00:00:00,19434.55,21576.76,19277.66,21365.7,14974.62,305411951.27,20395.3
2020-12-17 00:00:00,21358.96,23777,21244.04,22814.24,22626.69,515466569.05,22781.35
2020-12-18 00:00:00,22829.89,23284.68,22360.93,23136.14,11360.34,259866354.57,22874.88
2020-12-19 00:00:00,23142.05,24217.38,22719.78,23842.99,8672.04,203709712.93,23490.41
2020-12-20 00:00:00,23842.38,24298.04,23092.77,23470.85,5095.96,120302318.26,23607.38
2020-12-21 00:00:00,23470.85,24123.83,21864.86,22732.01,12675.13,291898841.06,23029.26
2020-12-22 00:00:00,22750.07,23843.21,22383.59,23835.1,9367.61,216786900.44,23142.18
2020-12-23 00:00:00,23819.08,24096.9,22624.92,23247.71,11541.97,271104879.96,23488.62
2020-12-24 00:00:00,23215,23779.14,22700.1,23726.28,7185.48,166747478.67,23206.16
2020-12-25 00:00:00,23747.22,24777,23403.82,24705.15,6469.23,156127792.99,24133.91
2020-12-26 00:00:00,24714.01,26809.5,24485.32,26466.28,7491.46,191884953.51,25613.82
2020-12-27 00:00:00,26472.89,28377.94,25770,26259.6,13234.33,358402043.14,27081.23
2020-12-28 00:00:00,26242.82,27473.49,26079.6,27037.91,7987.78,215371703.98,26962.66
2020-12-29 00:00:00,27037.9,27395,25831.85,27370,9577.28,255273840.61,26654.11
2020-12-30 00:00:00,27370,29010.32,27328.37,28881.3,11741.73,330879918.31,28179.82
2020-12-31 00:00:00,28893.21,29300,27930.75,28992.79,9477.68,273138207.62,28819.11
2021-01-01 00:00:00,28999.63,29700,28720,29402.64,8781.47,257112705.02,29279.02
2021-01-02 00:00:00,29410.77,33333,29050,32216.53,17867.88,560132127.87,31348.55
2021-01-03 00:00:00,32216.51,34800,31977.45,33097.83,14160.58,473869490.4,33463.99
2021-01-04 00:00:00,33068.83,33669.76,27734,32005.88,22446.94,698096326.1,31099.84
2021-01-05 00:00:00,32054.23,34500,29936.26,34039.05,14806.5,478865488.76,32341.58
2021-01-06 00:00:00,34081.24,37050.83,33348.27,36849.94,19219.29,672280072.65,34979.45
2021-01-07 00:00:00,36875.96,40402.46,36327.5,39510.49,23102.26,884801285.59,38299.34
2021-01-08 00:00:00,39510.59,42000,36618.36,40667.07,22183.95,887158778.46,39991.02
2021-01-09 00:00:00,40682.76,41422.77,38788.16,40239.06,8535.85,344406738.02,40348.28
2021-01-10 00:00:00,40239.06,41450,34322.07,38173.73,16219,625303825.33,38553.79
2021-01-11 00:00:00,38164.88,38261.39,30261.13,35455.58,40786.96,1369433668.2,33575.28
2021-01-12 00:00:00,35449.71,36639.23,32479.91,34035.02,18267.87,635329603.58,34778.52
2021-01-13 00:00:00,34035.02,37800,32327.76,37393.49,13662.39,474782173.76,34751.04
2021-01-14 00:00:00,37393.49,40112.78,36717.23,39134.35,10923.5,421721110.06,38606.76
2021-01-15 00:00:00,39147.98,39694,34380,36756.57,13499.12,496821058.3,36803.97
2021-01-16 00:00:00,36778.66,37944.12,35350,36000,7688.58,282920940.58,36797.54
2021-01-17 00:00:00,36013.51,36839,33833.55,35819.25,6821.71,241414408.93,35389.12
2021-01-18 00:00:00,35826.36,37449.86,34777.85,36616.95,6251.21,225869723.74,36132.13
2021-01-19 00:00:00,36665.82,37874.71,35888,35917.62,6578.86,242901589.42,36921.54
2021-01-20 00:00:00,35888.13,36440.1,33400,35496.91,12160.47,423937676.54,34861.96
2021-01-21 00:00:00,35516.17,35620.96,30044.16,30818.18,21214.64,685698441.17,32321.94
2021-01-22 00:00:00,30817.86,33864.85,28800,32992.06,17019.58,533796043.83,31363.64
2021-01-23 00:00:00,32989.1,33468.46,31426.11,32117.49,5255.75,169926965,32331.66
2021-01-24 00:00:00,32098.38,33075.75,30960.77,32288.83,4658.71,149505960.2,32091.71
2021-01-25 00:00:00,32289.06,34888,31939.12,32261.22,10038.76,336155467.24,33485.77
2021-01-26 00:00:00,32264.15,32953.28,30847.4,32504.53,11554.91,369700342.66,31995.08
2021-01-27 00:00:00,32521.65,32580.12,29150.49,30424.62,22403.71,690250535.6,30809.66
2021-01-28 00:00:00,30427.34,33870.58,29899.99,33484.87,17879.36,571659889.84,31973.18
2021-01-29 00:00:00,33488.66,38620,31990,34249.64,31439.62,1118437871.48,35574.15
2021-01-30 00:00:00,34265.71,34931.39,32860,34323,7281.29,247478982.84,33988.36
2021-01-31 00:00:00,34300.19,34380.21,32193.7,33141.38,4750.12,158177584.18,33299.68
2021-02-01 00:00:00,33110.32,34736.1,32333.01,33532.74,8374.06,282967656.28,33790.99
2021-02-02 00:00:00,33497.16,36008.67,33431.67,35522.16,7225.87,251901236.88,34861.05
2021-02-03 00:00:00,35496.91,37732.87,35382.45,37691.63,8777.33,321601925.43,36640.05
2021-02-04 00:00:00,37693,38748.52,36197.65,36996.32,11762.8,440616261.38,37458.44
2021-02-05 00:00:00,36984.28,38359.69,36618.36,38320,5211.97,196644312.09,37729.33
2021-02-06 00:00:00,38320,41025.48,38230.81,39282.1,8635.66,344009199.11,39835.89
2021-02-07 00:00:00,39274.8,39727.44,37412.93,38858.39,5973.24,230396414.04,38571.43
2021-02-08 00:00:00,38870.36,46712.12,38050.97,46416.45,19053.71,820630078.34,43069.3
2021-02-09 00:00:00,46445.51,48216.09,45000,46505.2,12505.08,584053282.64,46705.27
2021-02-10 00:00:00,46493.9,47364.09,43746.06,44854.63,9483.33,432009473.92,45554.62
2021-02-11 00:00:00,44854.63,48481.45,44040.96,47821.63,5114.42,236151731.75,46173.75
